"报表日期","货币资金","交易性金融资产","应收票据","应收账款","预付款项","应收保费","应收利息","应收股利","其他应收款","应收出口退税","应收补贴款","应收保证金","内部应收款","存货","待摊费用","待处理流动资产损益","一年内到期的非流动资产","其他流动资产","特殊处理本身不平流动资产","特殊处理格式不同流动资产","流动资产合计","发放贷款及垫款","可供出售金融资产","持有至到期投资","长期应收款","长期股权投资","其他长期投资","投资性房地产","固定资产原值","累计折旧","固定资产净值","固定资产减值准备","固定资产净额","在建工程","工程物资","固定资产清理","生产性生物资产","公益性生物资产","油气资产","无形资产","开发支出","商誉","长期待摊费用","股权分置流通权","递延所得税资产","其他非流动资产","特殊处理本身不平非流动资产","特殊处理格式不同非流动资产","非流动资产合计","特殊处理本身不平总资产","特殊处理格式不同总资产","资产总计","短期借款","交易性金融负债","应付票据","应付账款","预收款项","应付职工薪酬","应交税费","应付利息","应付股利","其他应交款","应付保证金","内部应付款","其他应付款","预提费用","预计流动负债","应付分保账款","国际票证结算","国内票证结算","一年内的递延收益","应付短期债券","一年内到期的非流动负债","其他流动负债","特殊处理本身不平流动负债","特殊处理格式不同流动负债","流动负债合计","长期借款","应付债券","长期应付款","专项应付款","预计非流动负债","长期递延收益","递延所得税负债","其他非流动负债","特殊处理本身不平长期负债","特殊处理格式不同长期负债","非流动负债合计","特殊处理本身不平负债合计","特殊处理格式不同负债合计","负债合计","实收资本(或股本)","资本公积","减：库存股","专项储备","盈余公积","一般风险准备","未确定的投资损失","未分配利润","拟分配现金股利","外币报表折算差额","特殊处理本身不平股东权益","特殊处理格式不同股东权益","归属于母公司股东权益合计","少数股东权益","特殊处理本身不平股东权益","特殊处理格式不平股东权益","所有者权益(或股东权益)合计","特殊处理本身不平负债及权益","特殊处理格式不同负债及权益","负债和所有者权益","结算备付金","拆出资金","衍生金融资产","应收分保账款","应收分保合同准备金","买入返售金融资产","向中央银行借款","吸收存款及同业存放","拆入资金","衍生金融负债","卖出回购金融资产款","应付手续费及佣金","保险合同准备金","代理买卖证券款","代理承销证券款"
20170331,4497354839.59,,2703454538.71,8473880.88,57475332.98,,19147700,,284462895.95,,,,,2408688710.43,,,,108673835.96,,,10087731734.5,,328775998.69,,,1730350708.6,,,,,,,1148892641.56,378487481.92,,,,,,233923955.42,,,,,382408097.75,4314.05,,,4202843197.99,,,14290574932.49,,,,516400893.49,833821620.5,104056064.66,244593167.17,,22400652.46,,,,556130971.45,,,,,,,,,,,,2277403369.73,,,,,,23895906.58,57491521.53,,,,81525266.12,,,2358928635.85,1402252476,650609324.27,,,1402252476,,,8175382638.67,,,,,11813151480.34,118494816.3,,,11931646296.64,,,14290574932.49,,,,,,,,,,,,,,,
20161231,4765292939.21,,1952382726.92,3898676.86,91778994.09,,10295300,,219537091.95,,,,,2488287331.58,,,,153414396.8,,,9684887457.41,,322360055.18,,,1712154381.55,,,2427375758.33,1247965104.63,1179410653.7,622940.07,1178787713.63,183870575.51,,,,,,235276906.7,,,,,356694148.64,4314.05,,,3989148095.26,,,13674035552.67,,,,485288661.39,1070802027.81,134509716.33,297536303.26,,22400652.46,,,,452848574.96,,,,,,,,,,,,2463385936.21,,,,,,29913897.37,55963516.06,,,,86015251.44,,,2549401187.65,1402252476,651340124.27,,,1402252476,,,7397874451.5,,,,,11030504418.15,94129946.87,,,11124634365.02,,,13674035552.67,,,,,,,,,,,,,,,
20160930,4269677770.42,,2318905737.16,9575329.89,25848210.12,,7649900,,284294729.06,,,,,2527775198.23,,,,113066267.22,,,9556793142.1,,303960069.37,,,1664085416.6,,,,,,,1066651357.34,132094211.14,,,,,,237351637.01,,,,,309375080.38,1777195.64,,,3715294967.48,,,13272088109.58,,,,432407864.97,1270724420.15,84372354.12,286881097.71,,,,,,373807030.17,,,,,,,,,,,,2448192767.12,,,,,,30091264.89,53863519.6,,,,84427842.1,,,2532620609.22,1402252476,651340124.27,,,1402252476,,,6976507700.22,,,,,10600670042,138797458.36,,,10739467500.36,,,13272088109.58,,,,,,,,,,,,,,,
20160630,5090446574.76,,1680014274.62,6177343.68,52549185.82,,7763300,31371206.15,231774781.96,,,,,2440451426.2,,,,166159849.83,,,9706707943.02,,306347007.47,,,1561267840.46,,,2420024058.24,1299608578.06,1120415480.18,5983869.33,1114431610.85,128645642.47,,,,,,239426427.63,,,,,264556613.07,1777195.64,,,3616452337.59,,,13323160280.61,,,,442925566.14,662460155.52,68309430.16,197599440.48,,1121801980.8,,,,399664070.96,,,,,,,,,,,,2892760644.06,,,,,,33663044.53,54460254.12,,,,88596356.26,,,2981357000.32,1402252476,651340124.27,,,1402252476,,,6582546879.39,,,,,10208809987.07,132993293.22,,,10341803280.29,,,13323160280.61,,,,,,,,,,,,,,,
20160331,4266686089.62,,1659375571.9,10079571.43,68890584.78,,18601300,,235211446.24,,,,,2655699295.79,,,,267098919.59,,,9181642779.35,,328958841.71,,,1545836183.15,,,,,,,1072568099.16,184388577.24,,,,,,241501218.28,,,,,281101866.47,1777195.64,,,3656131981.65,,,12837774761,,,,345530972.3,897863161.65,52729638.01,76945631.12,,36202505.07,,,,397382594.74,,,,,,,,,,,,1806654502.89,,,,,,29252881.48,60113212.68,,,,89839151.77,,,1896493654.66,1402252476,653218046.57,,,1402252476,,,7187734354.56,,,,,10833731126.74,107549979.6,,,10941281106.34,,,12837774761,,,,,,,,,,,,,,,
20151231,3539506611.4,,2268110161.56,12226328.76,94997045.2,,11619900,,215070887.39,,,,,2859998734.39,,,,371860435.74,,,9373390104.44,,378279459.14,,,1522910942.42,,,2340489013.14,1223977802.54,1116511210.6,5983869.33,1110527341.27,182954414.8,,,,,,243576008.96,,,,,368258228.12,1777195.64,,,3808283590.35,,,13181673694.79,,,,321256679.12,1598383502.11,85672233.93,286300625.23,,36202505.07,,,,385631047.68,,,,,,,,,,,,2713446593.14,,,,,,32955178.61,72449617.04,,,,105877853.26,,,2819324446.4,1402252476,652078482.34,,,1402252476,,,6593460633.89,,,,,10276158778.85,86190469.54,,,10362349248.39,,,13181673694.79,,,,,,,,,,,,,,,
20150930,3543110823.58,,1563688572.7,9912382.23,90927528.76,,3328400,1177699.7,288905573.71,,,,,3030508580.16,,,,230271826.27,,,8761831387.11,,307521355.79,,,1531114323.24,,,,,,,979855721.32,298577925.05,,,,,,245548909.32,,,,,341075163.04,10565959.57,,,3714259357.33,,,12476090744.44,,,27160000,292146780.58,1218288672.92,66495455.29,135076057.85,,7975339.94,,,,458408909.81,,,,,,,,,,,,2205551216.39,,,,,,41671181.14,54753841.21,,,,98076544.8,,,2303627761.19,1402252476,652078482.34,,,1402252476,,,6443292278.21,,,,,10071890212.14,100572771.11,,,10172462983.25,,,12476090744.44,,,,,,,,,,,,,,,
20150630,3438596416.42,,2854296052.24,11690777.78,72447260.65,,11136500,46906.65,222873985.97,,,,,2892398619.91,,,,281027404.02,,,9784513923.64,,462778715.77,,,1453633583.82,,,2176465113.05,1152495472.17,1023969640.88,5983869.33,1017985771.55,294756857.2,,,,,,247390985.12,,,,,318583463.39,10577778.21,,,3805707155.06,,,13590221078.7,,,111810000,419508204.54,1085351017.09,60232342.05,206943489.26,,1165507224.91,,,,392210212.29,,,,,,,,,,,,3441562490.14,,,,,,39924319.48,103848181.21,,,,145424023.14,,,3586986513.28,1402252476,652078482.34,,,1402252476,,,6141957582.78,,,,,9922857213.12,80377352.3,,,10003234565.42,,,13590221078.7,,,,,,,,,,,,,,,
20150331,4393365433.68,,2315986838.08,11290612.58,112983378.09,,11237550,,331750483.03,,,,,2882901426.81,,,,334842825.16,,,10394358547.43,,66885468.15,,,1253035126.59,,,,,,,1052140292.73,293084902.28,,,,,,249396762.96,,,,,323120512.87,10577778.21,,,3248240843.79,,,13642599391.22,,,158430000,277970721.53,2177369095.24,51582326.76,114258427.81,,49794576.31,,,,403211358.75,,,,,,,,,,,,3232616506.4,,,,,,39032652.81,4874869.29,,,,45559044.55,,,3278175550.95,1402252476,652078482.34,,,1402252476,,,6781347949.05,,,,,10256594984.59,107828855.68,,,10364423840.27,,,13642599391.22,,,,,,,,,,,,,,,
20141231,4709607474.33,,1456912013.03,4705568.29,124025264.61,,15356850,,317639367.04,,,,,2826992567.86,,,,464347488.57,,,9919586593.73,,61975905.45,,,1222154508.74,,,2170848093.61,1078371736.74,1092476356.87,5983869.33,1086492487.54,285439418.78,,,,,,251461871.32,,,88401.43,,333042004.28,10577778.21,,,3251232375.75,,,13170818969.48,,,126410000,236850161.31,2311650251.32,85377552.68,109103058.73,,52358380.17,,,,411697617.51,,,,,,,,,,,,3333447021.72,,,,,,38740986.14,3647478.61,,,,44039987.2,,,3377487008.92,1402252476,652078482.34,,,1402252476,,,6242284506.09,,,,,9713103886.32,80228074.24,,,9793331960.56,,,13170818969.48,,,,,,,,,,,,,,,
20140930,5054970768.59,16855608,1990838294.2,28224642.14,82724695.67,,39586850,,55646633.46,,,,,2444194025.74,,,,,,,9713041517.8,,45480991,,,1140453431.09,,,,,,,1034981550.3,325193181.77,,,,,,253526979.63,,,222009.21,,254451334.64,,,,3054309477.64,,,12767350995.44,,,130060000,358041199.1,1425359335.14,90749074.39,82873324.77,,10764587.07,,,,443456714.03,,,,,,,,,9695444.43,,,2550999678.93,,,,,,,3956402,36345888.94,,,40302290.94,,,2591301969.87,1402252476,651277566.81,,,1402252476,,,6615179726.71,,-643841.72,,,10070318403.8,105730621.77,,,10176049025.57,,,12767350995.44,,,,,,,,,,,,,,,
20140630,6448579978.77,,2168980691.81,13067495.81,88577115.4,,36906750,51500,33481798.56,,,,,2199202808.29,,,,,,,10988848138.64,,,,,1153166079.27,,,2059744312.7,1007611547.03,1052132765.67,850561.3,1051282204.37,306420706.33,,,,,,255592087.94,,,355792.92,,232348444.59,,,,2999165315.42,,,13988013454.06,,,163480000,286493279.85,1323709183.91,74318114.22,68012304.53,,1763580182.07,,,,424737005.52,,,,,,,,,9695444.43,,,4114025514.53,,,,,,,,32575888.94,,,32575888.94,,,4146601403.47,1402252476,648354531.35,,,1402252476,,,6320890651.51,,-632273.1,,,9773117861.76,68294188.83,,,9841412050.59,,,13988013454.06,,,,,,,,,,,,,,,
20140331,6248286868.86,,2096891448.4,9884310.88,30326722.78,,40730700,,33366412.74,,,,,2605314207.66,,,,,,,11064800671.32,,,,,1136024131.38,,,,,,,1077087239.52,274760209.88,,,,,,257657196.27,,,420897.16,,139129061.94,,,,2885078736.15,,,13949879407.47,,,231830000,393960786.26,1549769445.39,55828837.05,76448270.41,,9102699.5,,,,425631315.83,,,,,,,,,8590444.43,,,2751161798.87,,,,,,,,35758611.15,,,35758611.15,,,2786920410.02,1402252476,648354531.35,,,1402252476,,,7608234121.9,,-112969.02,,,11060980636.23,101978361.22,,,11162958997.45,,,13949879407.47,,,,,,,,,,,,,,,
20131231,5349434667.26,,2997342876.91,10092949.09,1924443.15,,37312855.56,,21088072.47,,,,,2414766803.87,,,,,,,10831962668.31,,,,,1121163656.33,,,2048185475.98,936014243.9,1112171232.08,850561.3,1111320670.78,248331118.04,,,,,,259722304.63,,,531080.53,,161258511.84,,,,2902327342.15,,,13734290010.46,,,253650000,586734365.57,1563052014.85,71868889.98,86198017.85,,9102699.5,,,,483143380.23,,,,,,,,,9695444.43,,,3063444812.41,,,,,,,,33423611.15,,,33423611.15,,,3096868423.56,1402252476,648354531.35,,,1402252476,,,7115305531.9,,-80546.31,,,10568084468.94,69337117.96,,,10637421586.9,,,13734290010.46,,,,,,,,,,,,,,,
20130930,5390023542.27,,2682117935.38,80311404.79,48741664.68,,48305965.28,,43166197.04,,,,,2254546441.23,,,,,,,10547213150.67,,,,,1101513985.73,,,,,,,932006365.42,343536464.2,,,,,,261787412.94,,,650354.39,,243104591.56,,,,2882599174.24,,,13429812324.91,,,252410000,425556209.83,1705268676.23,56663647.02,434249103.35,,65306307.51,,,,426102261.34,,,,,,,,,14242620.1,,,3379798825.38,,,,,,,,23891641.85,,,23891641.85,,,3403690467.23,1402006476,773218736.77,,,1398268476,,,6381512238.18,,-61708.28,,,9954944218.67,71177639.01,,,10026121857.68,,,13429812324.91,,,,,,,,,,,,,,,
20130630,7566381691.65,,1953223671.33,24855935.2,22725899.86,,,,35695789.31,,,,,2693428387.95,,,,226639.52,,,12296538014.82,,,,,1083334358.09,,,1840374278.21,883777413.27,956596864.94,850561.3,955746303.64,244103155.01,,,,,,276839857.28,,,768644.95,,201949924.96,,,,2762742243.93,,,15059280258.75,,,327320000,362431429,2067154966.59,49490987.15,82967706.28,,2561551308.69,,,,433439402.52,,,,,,,,,14849536.77,,,5899205337,,,,,,,,26533165.18,,,26533165.18,,,5925738502.18,1402006476,764029921.78,,,1398268476,,,5497606607.87,,-17219.91,,,9061894261.74,71647494.83,,,9133541756.57,,,15059280258.75,,,,,,,,,,,,,,,
20130331,7146474384.42,,2391209773.54,39239226.28,35679151.74,,,,34161647.71,,,,,2707143120.64,,,,,,,12353907304.33,,,,,1057210312.77,,,,,,,965516287.2,187883157.76,,,,,,279159088.84,,,612451.19,,208538513.77,,,,2698919811.53,,,15052827115.86,,,381220000,539199855.52,2132573342.31,56141520.03,528738368.72,,5276430.06,,,,419099310.64,,,,,,,,,8926930.63,,,4071175757.91,,,,,,,,35054188.97,,,35054188.97,,,4106229946.88,1398268476,705994368.66,,,1398268476,,,7347830937.72,,,,,10850362258.38,96234910.6,,,10946597168.98,,,15052827115.86,,,,,,,,,,,,,,,
20121231,6942008562.71,,2789726550.34,80473364.77,16200911.85,,,,11890861.76,,,,,2911818746.16,,,,,,,12752118997.59,,,,,1052012662.86,,,1836063835.06,837372617.62,998691217.44,850561.3,997840656.14,184561514.71,,,,,,281186415.12,,,695105.23,,304561086.17,,,,2820857440.23,,,15572976437.82,,,432060000,625586652.89,2962566130.22,69138445.08,1257576886.13,,5276430.06,,,,410918505.15,,,,,,,,,8926930.63,,,5772049980.16,,,,,,,,30069377.46,,,30069377.46,,,5802119357.62,1398268476,701618651.8,,,1398268476,,,6205078290.64,,115992.62,,,9703349887.06,67507193.14,,,9770857080.2,,,15572976437.82,,,,,,,,,,,,,,,
20120930,5748790036.31,,1611243735.42,110964313.51,154811128.48,,,,32258379.39,,,,,2743180636.49,,,,,,,10401248229.6,,,,,1147125927.61,,,,,,,947554762.16,104572329.52,,,,,,317822983.23,,,,,247981525.27,,,,2765057527.79,,,13166305757.39,,,469192000.77,607193399.49,2378439167.91,80466127.58,649265631.13,,95267226.48,,,,550004116.02,,,,,,,,,6177028.11,,,4836004697.49,,,,,,,,4679709.89,,,4679709.89,,,4840684407.38,1398268476,706784001.67,,,1210780374.99,,,4953865359.83,,,,,8269698212.49,55923137.52,,,8325621350.01,,,13166305757.39,,,,,,,,,,,,,,,
20120630,4284505754.35,,1928735741.44,57713523.12,83919858.96,,,,35782969.41,,,,,2467644694.83,,,,,,,8858302542.11,,,,,2065888160.28,,,1781606215.54,809631609.33,971974606.21,1514147.96,970460458.25,86685267.36,,,,,,322451639.89,,,,,229342875.83,,,,3674828401.61,,,12533130943.72,,,524382000.77,406268403.15,2381422230.64,56673253.44,367345479.92,,949910290.43,,,,473412108.18,,,,,,,,,2525388.8,,,5161939155.33,,,,,,,,7666349.2,,,7666349.2,,,5169605504.53,1398268476,687521072.37,,,1210780374.99,,,4011034467.07,,,,,7307604390.43,55921048.76,,,7363525439.19,,,12533130943.72,,,,,,,,,,,,,,,
20120331,3750013841.46,,3533481878.72,81598041.77,83366082.69,,,,23371551.22,,,,,2144424963.02,,,,,,,9616256358.88,,,,,2026793477.82,,,,,,,984293363.05,67366913.15,,,,,,324873807.77,,,,,215947351.83,,,,3619274913.62,,,13235531272.5,,,558040000,567945887.71,2163653126.47,68137304.44,781268317.88,,31717537.65,,,,444828034.48,,,,,,,,,6177028.11,,,4621767236.74,,,,,,,,8778849.2,,,8778849.2,,,4630546085.94,1394239476,622035237.36,,,1210780374.99,,,5253184990.57,,,,,8480240078.92,124745107.64,,,8604985186.56,,,13235531272.5,,,,,,,,,,,,,,,
20111231,3148898506.79,,3439678051.38,59557461.53,45681664.4,,,,23969331.76,,,,,2133167694.92,,,,,,,8850952710.78,,,,,1997195088.52,,,1770837489.28,756931526.16,1013905963.12,1514147.96,1012391815.16,60834002.5,,,,,,327295975.69,,,,,228561934.77,,,,3626278816.64,,,12477231527.42,,,365979887.24,588792103.76,2551380451.61,77117169.97,1224239026.46,,31717537.65,,,,399390389.81,,,,,,,,,6177028.11,,,5244793594.61,,,,,,,,7598849.2,,,7598849.2,,,5252392443.81,1394239476,604011022.35,,,1210780374.99,,,3959885072.75,,,,,7168915946.09,55923137.52,,,7224839083.61,,,12477231527.42,,,,,,,,,,,,,,,
20110930,1388233025.87,,2654522780.24,106701737.78,77840204.6,,,,40454349.83,,,,,1680168308.71,,,,,,,5947920407.03,,,,,1967685969.48,,,,,,,781426669.76,248468972.47,,,,,,337385747.59,,,,,171547198.21,,,,3506514557.51,,,9454434964.54,,,96089887.24,394076085.02,1473629587.56,55931354.74,673557301.09,,104282140.54,,,,362860285.26,,,,,,,,,3645169,,,3164071810.45,,,,,,,,7354323.7,,,7354323.7,,,3171426134.15,1394239476,574462076.78,,,916668314.99,,,3356687556.25,,,,,6242057424.02,40951406.37,,,6283008830.39,,,9454434964.54,,,,,,,,,,,,,,,
20110630,1933804916.87,,2493242558.52,69751293.33,66665484.28,,,,44508403.49,,,,,1589195106.31,,,,,,,6197167762.8,,,,,2010602543.56,,,1546360921.82,731944657.64,814416264.18,1826849.01,812589415.17,220040337.42,,,,,,347196903.62,,,,,121813578.47,,,,3512242778.24,,,9709410541.04,,,,277973614.47,1456609638.75,44540776.75,438825459.72,,1464054525.31,,,,347705102.7,,,,,,,,,3645169,,,4033354286.7,,,,,,,,18232823.7,,,18232823.7,,,4051587110.4,1394239476,522618839.34,,,916668314.99,,,2759173697.57,,,,,5592700327.9,65123102.74,,,5657823430.64,,,9709410541.04,,,,,,,,,,,,,,,
20110331,1407993221.02,,2447120555.59,76610472.35,36050877.71,,,,39978101.23,,,,,1457699914.63,,,,,,,5465453142.53,,,,,2043849500.24,,,,,,,833173356.05,189457690.08,,,,,,349796945.69,,,,,116733567.62,,,,3533011059.68,,,8998464202.21,,,,457937510.15,1040372187.1,42160776.7,542672024.67,,38997810.63,,,,341529277.17,,,,,,,,,2606134.26,,,2466275720.68,,,,,,,,8654323.7,,,8654323.7,,,2474930044.38,1394239476,492931889.34,,,916668314.99,,,3639285265.81,,,,,6443124946.14,80409211.69,,,6523534157.83,,,8998464202.21,,,,,,,,,,,,,,,
20101231,1079108611.48,,1799095476.98,47113084.31,116404012.05,,,35316480,26415564.82,,,,,1485554084.87,,,,,,,4589007314.51,,,,,1984102728.29,,,1550278596.16,693951678.05,856326918.11,1826849.01,854500069.1,117079045.36,,,,,,352396987.8,,,,,129179045.11,,,,3437257875.66,,,8026265190.17,,,,294407782.9,1056783768.23,46805230.42,751809618.12,,73995994.42,,,,227809323.64,,,,,,,,,3645169,,,2455256886.73,,,,,,,,8654323.7,,,8654323.7,,,2463911210.43,1394239476,463244939.34,,,916668314.99,,,2743209424.72,,,,,5517362155.05,44991824.69,,,5562353979.74,,,8026265190.17,,,,,,,,,,,,,,,
20100930,787654892.77,,1246872009.52,111207304.36,229342086.55,,,,51626295.34,,,,,1376052730.37,,,,,,,3802755318.91,,,,,1912344751.74,,,,,,,757456810.45,91250698.92,,,,,,301798459.02,,,,,97059857.74,,,,3159910577.87,,,6962665896.78,,,,209206696.81,1087247948.78,54123118.93,462044329.02,,50429275.48,,,,200616403.1,,,,,,,,,106134.26,,,2063773906.38,,,,,,,,1167476.85,,,1167476.85,,,2064941383.23,1394239476,432668021.07,,,698275514.39,,,2334857667.3,,,,,4860040678.76,37683834.79,,,4897724513.55,,,6962665896.78,,,,,,,,,,,,,,,
20100630,1334113144.77,0,907886077.36,88670167.77,123590408.87,0,0,0,45968638.09,0,0,0,0,1317820619,0,0,0,0,,,3818049055.86,0,0,0,0,1835089375.41,0,0,1435872787.91,660876721.84,774996066.07,1826849.01,773169217.06,79825228.79,0,0,0,0,0,304093369.99,0,0,0,0,85194932.17,0,,,3077372123.42,,,6895421179.28,0,0,0,168516299.86,692292319.99,102342818.6,329219028.09,0,1077679330.22,0,0,0,184381477.99,0,0,0,0,0,0,0,0,106134.26,,,2554537409.01,0,0,0,0,0,0,0,6607476.85,,,6607476.85,,,2561144885.86,1394239476,402981084.72,0,0,698275514.39,0,0,1769437190.5,0,0,,,4264933265.61,69343027.81,,,4334276293.42,,,6895421179.28,0,0,0,0,0,0,0,0,0,0,0,0,0,0,0
20100331,1083203725.48,,850774264.43,124626977.25,193666734.16,,,,65776794.59,,,,,1225588658.94,,,,,,,3543637154.85,,,,,1753359100.45,,,,,,,788520633.84,66438751,,,,,,307325936.45,,,,,72746550.67,,,,2988390972.41,,,6532028127.26,,,,170554431.79,736593903.54,101252666.68,379037783.33,,6344571.13,,,,137981404.78,,,,,,,,,,,,1531764761.25,,,,,,,,1273611.11,,,1273611.11,,,1533038372.36,1394239476,373294148.37,,,698275514.39,,,2481244799.37,,,,,4947053938.13,51935816.77,,,4998989754.9,,,6532028127.26,,,,,,,,,,,,,,,
20091231,937281020.65,0,689909219.88,30664433.79,125966998.32,0,0,0,24827735.54,0,0,0,0,1195607676.47,0,0,0,0,,,3004257084.65,0,0,0,0,1702346339.31,0,0,1427281736.93,617324297.97,809957438.96,1826849.01,808130589.95,57823908.13,0,0,0,0,0,307703478.02,0,0,0,0,102428719.6,0,,,2978433035.01,,,5982690119.66,0,0,40000000,220970591.75,658563299.94,107748810.69,479733879.83,0,23878312.77,0,0,0,186067183.19,0,0,0,0,0,0,0,0,106134.26,,,1717068212.43,0,0,0,0,0,0,0,1167476.85,,,1167476.85,,,1718235689.28,1394239476,353502857.46,0,0,698275514.39,0,0,1802037866.11,0,0,,,4248055713.96,16398716.42,,,4264454430.38,,,5982690119.66,0,0,0,0,0,0,0,0,0,0,0,0,0,0,0
20090930,648445541.73,,627032851.86,63108374.86,110186182.1,,,,73492128.41,,,,,1105844979.95,,,,,,,2628110058.91,,,,,1603767139.6,,,,,,,778927178.02,81903867.7,,,,,,299297317.56,,,,,68601534.01,,,,2832497036.89,,,5460607095.8,,,139900000,192866611.38,565592083.22,122765155.71,400480287.81,,4586400,,,,180829064.11,,,,,,,,,,,,1607019602.23,,,,,,,,1606000,,,1606000,,,1608625602.23,1394239476,350586362.4,,,511149486.26,,,1569850897.58,,,,,3825826222.24,26155271.33,,,3851981493.57,,,5460607095.8,,,,,,,,,,,,,,,
20090630,736943223.01,0,348805096.1,52042086.77,117560407.55,0,0,0,69257902.86,0,0,0,0,1068043123.53,0,0,0,0,0,0,2392651839.82,0,0,0,0,1502936954.32,0,0,1386273655.8,589859492.34,796414163.46,6649425.1,789764738.33,68767139.03,0,0,0,0,0,300795210.59,0,0,0,0,69138567.84,0,0,0,2731402610.11,0,0,5124054449.93,0,0,139900000,207305538.03,423212955.02,80989932.04,464537223.04,0,199388404.16,0,0,0,161592887.33,0,0,0,0,0,0,0,0,0,0,0,1676926939.62,0,0,0,0,0,0,0,1606000,0,0,1606000,0,0,1678532939.62,1394239476,350586362.4,0,0,511149486.26,0,0,1167765316.95,0,0,0,0,3423740641.61,21780868.7,0,0,3445521510.31,0,0,5124054449.93,0,0,0,0,0,0,0,0,0,0,0,0,0,0,0
20090331,1111767734.49,,320453659.99,75386281.03,131246645.29,,,,115410920.19,,,,,1018028277.24,,,,,,,2772293518.23,,0,,,1429386302.29,,,,,,,776535908.76,63303764.18,,,,,,297004352.19,,,14282.22,,65231388.42,,,,2631475998.06,,,5403769516.29,120000000,0,155550000,159869209.36,243748567.81,71804799.33,452642881.49,,4586400,,,,158145553.51,,,,,,,,,,,,1366347411.5,,,,,,,,1606000,,,1606000,,,1367953411.5,1394239476,350586362.4,,,511149486.26,,,1753466252.87,,,,,4009441577.53,26374527.26,,,4035816104.79,,,5403769516.29,,,,,,,,,,,,,,,
20081231,703637937.8,,529389405.66,28231795.49,61098858.79,,,,20984016.85,,,,,1188694505.06,,,,,,,2532036519.65,,0,,,1342643424.18,,0,1342312234.95,548487198.36,793825036.59,3249770.18,790575266.41,57291699.83,,,,,,298863832.19,,,,,71651273.67,,,,2561025496.28,,,5093062015.93,,0,155550000,131666100.88,708707354.13,72254126.31,376133004.99,,4586400,,,,149735782.13,,,,,,,,,,,,1598632768.44,,,,,,,,1606000,,,1606000,,,1600238768.44,1394239476,350586362.4,,,511149486.26,,,1222080463.94,,,,,3478055788.6,14767458.89,,,3492823247.49,,,5093062015.93,,,,,,,,,,,,,,,
20080930,590740575.64,,198086969.07,69802719.65,64362585.06,,,,81907613.11,,,,,1022380951.18,,,,,,,2027281413.71,,0,,,1340841093.64,,,,,,,764526666.02,53200881.86,,,,,,301170602.93,,,,,79099860.46,,,,2538839104.91,,,4566120518.62,,0,,201742561.44,321671640.83,65462464.75,479970282.49,,4586400,,,,168545545.31,,,,,,,,,,,,1241978894.82,,,,,,,,6959896.65,,,6959896.65,,,1248938791.47,1394239476,354364374.5,,,389612456.32,,,1163046659.2,,,,,3301262966.02,15918761.13,,,3317181727.15,,,4566120518.62,,,,,,,,,,,,,,,
20080630,429365475.66,,67623231.94,38197233.55,62252412.2,,,,43880755.03,,,,,985933709.59,,,,,,,1627252817.97,,,,,1302964371,,,1279609302.17,507230177.6,772379124.57,3249770.18,769129354.39,50757467.38,,,,,,303047515.46,,,,,49481026.52,,,,2475379734.75,,,4102632552.72,,,,146043760.39,333608253.79,55138581.27,437009572.39,,4586400,,,,137874500.84,,,,,,,,,5840390.68,,,1120101459.36,,,,,,,,2799896.65,,,2799896.65,,,1122901356.01,1394239476,354364374.5,,,389612456.32,,,819674395.91,,,,,2957890702.73,21840493.98,,,2979731196.71,,,4102632552.72,,,,,,,,,,,,,,,
20080331,445809827.82,,256274471.29,117149495.83,90107965.48,,,,49796988.38,,,,,969202591.93,,,,,,,1928341340.73,,,,,1272900721.16,,,,,,,914165299.72,43535261.8,,,,,,176194626.65,,,,,25074174.31,,,,2431870083.64,,,4360211424.37,,,26950000,114229444.75,366404757.07,54235211.35,444044595.94,,,,,,125842524.31,,,,,,,,,2851540.28,,,1134558073.7,,,,,,,,2299896.65,,,2299896.65,,,1136857970.35,871399673,702924243.5,,,389612456.32,,,1253182314.45,,,,,3217118687.27,6234766.75,,,3223353454.02,,,4360211424.37,,,,,,,,,,,,,,,
20071231,444308234.54,,160678062.49,64100091.57,568200648.01,,,,29114206.63,,,,,1239359672.96,,,,,,,2505760916.2,,,,,789403688.59,,21465987.97,1000906013.32,478889016.55,522016996.77,3550899.05,518466097.72,422707282.22,,,,,,177446764.95,,,5611870.88,,50998212.26,,,,1986099904.59,,,4491860820.79,,,397100000,170509515.78,472307438.55,58149979.26,240723168.49,,10150000,,,,429855623.94,,,,,,,,,,,,1778795726.02,,,,,,,,2299896.65,,,2299896.65,,,1781095622.67,871399673,702924243.5,,,389612456.32,,,740444791.26,,,,,2704381164.08,6384034.04,,,2710765198.12,,,4491860820.79,,,,,,,,,,,,,,,
20070930,435913225.34,1768170.3,65360045.26,119489758.95,109718369.3,,,,1106209548.87,,,,,1292839148.23,,,,,,,3131298266.25,,,,,112865820.74,,22066990.51,,,,,524350665.05,343843279.5,,-145906.01,,,,178755139.46,,,9163267.71,,64230251.24,,,,1255129508.2,,,4386427774.45,100000000,,455248555.4,73271569.71,462664831.33,53909565.72,254210724.51,,10500000,,,,625089577.59,,,,,,,,,,,,2034894824.26,,,,1556000,,,6411464.84,,,,7967464.84,,,2042862289.1,871399673,699123857.7,,,317695725.49,,,449328469.48,,,,,2337547725.67,6017759.68,,,2343565485.35,,,4386427774.45,,,,,,,,,,,,,,,
20070630,533429759.08,1768170.3,155284878.76,74938653.78,134224306.05,0,0,0,95136086.35,0,0,,,1319035101.65,0,,0,0,,,2313816955.97,0,0,0,0,112865820.74,,22344533.95,998804561.68,460946218.95,537858342.73,3727294.97,534131047.76,283660629.43,0,197585.15,0,,0,178820468.28,0,0,9077800,,49833091.02,0,,,1190930976.33,,,3504747932.3,20000000,0,3148555.4,156200062.26,574961425.25,45725358.21,75085800,0,304989885.55,0,,,121126614.55,0,0,0,,,0,0,0,7911326.84,,,1309149028.06,0,0,0,206000,0,,6411464.84,0,,,6617464.84,,,1315766492.9,871399673,699123844.97,0,,317695725.49,0,0,294793750.65,0,0,,,2183012994.11,5968445.29,,,2188981439.4,,,3504747932.3,0,0,,0,0,0,0,0,0,,0,0,0,0,0
20070331,670646807.03,1293686.3,259396016.17,87634348.62,106888527.22,,,,47244868.3,,,,,1299336718.12,,,0,19391.47,,,2472460363.23,,,,,78503149.93,,22622077.39,,,,,549799604.96,169629620.85,0,3638.81,0,,0,180092863.6,0,0,10582525.8,,42555286.73,0,,,1053788768.07,,,3526249131.3,130000000,,17032559.16,86961211.07,657272494.49,53187886.46,60489187.55,0,,,,,125906786.2,,,,,,,,,2700663.42,,,1133550788.35,0,0,0,206000,0,,6254885.12,0,,,6460885.12,,,1140011673.47,871399673,699123844.97,0,,317695725.49,,,487392756.85,,,,,2375612000.31,10625457.52,,,2386237457.83,,,3526249131.3,,,,,,,,,,,,,,,
20061231,777957867.96,1293686.3,243303990.75,42121837.82,94553115.86,0,0,0,29010620.24,0,0,0,0,1226639399.11,0,0,0,0,,,2414880518.04,0,0,0,0,78403149.93,0,22622077.39,999549186.31,431884097.94,567665088.37,3550899.05,564114189.32,143475326.68,0,0,0,0,0,181331208.96,0,0,10582525.8,0,42555286.73,0,,,1043083764.81,,,3457964282.85,254000000,0,81094003.76,74785981.45,500315515.59,58760845.22,82310458.91,0,0,0,0,0,135464402.91,0,0,0,0,0,0,0,20000000,0,,,1206731207.84,0,0,0,0,0,,6254885.12,206000,,,6460885.12,,,1213192092.96,871399673,699123844.97,0,,311849543.62,0,0,349830488.99,0,0,,,2232203550.58,12568639.31,,,2244772189.89,,,3457964282.85,0,0,0,0,0,0,0,0,0,0,0,0,0,0,0
20060930,427716415.93,1293686.3,110839388.76,40221584.76,151938145.83,,,,55497785.6,,,,,1091905165.53,1326057.13,,,0,,,1880738229.84,,,,,71439057.19,,,995251360.74,418703740.33,576547620.41,3550899.05,572996721.36,8779731.89,,27696.42,,,,181639138.55,,,,,,,,,834882345.41,,,2715620575.25,229000000,,83350000,59355955.46,381716670.83,36779428.76,39886139.26,,,32722963.92,,,87377689.77,741697.79,,,,,,,20000000,,,,970930545.79,,,,206000,,,324296.28,,,,530296.28,,,971460842.07,841399673,373603504.05,,,283824268.41,,,235353731.97,,,,,1734181177.43,9978555.75,,,1744159733.18,,,2715620575.25,,,,,,,,,,,,,,,
20060630,349758100.18,1293686.3,78898015.62,39599540.8,119443149.68,,0,0,66455031.6,0,0,0,0,1165804026.57,1898027.98,0,0,0,,,1823149578.73,,,0,0,71439057.19,0,,987986309.22,403524007.41,584462301.81,3550899.05,580911402.76,5123617,0,0,,,,182879462.17,,,6918624.24,,0,0,,,847272163.36,,,2670421742.09,270000000,,91690000,107377924.44,231366229.54,32269132.09,71412883.81,0,33655986.92,31993281.25,,0,75832196.41,5561550.09,0,,,,0,0,20000000,0,,,971159184.55,0,0,0,206000,,,324296.28,0,,,530296.28,,,971689480.83,841399673,373603378.88,,,283824268.41,,0,189450367.75,0,0,,,1688277688.04,10454573.22,,,1698732261.26,,,2670421742.09,,,,,,,,,,,,,,,
20060331,336960652.74,1210008.09,87028683.67,44300347.06,135857983.82,,0,0,56589060.88,0,0,0,0,1061638555.5,915,0,0,0,,,1723586206.76,,,0,0,69991088.56,0,,1008229297.58,400246335.28,607982962.3,3550899.05,604432063.25,2388751.2,0,0,,,,188355370.63,,,2837727.06,,0,0,,,868005000.7,,,2591591207.46,290000000,,92510558,71445604.42,213792267.16,28708950.37,57412565.37,,0,29580937.15,,0,83518246.27,4054799.91,0,,,,0,0,40000000,0,,,911023928.65,20000000,0,0,206000,,,324296.28,0,,,20530296.28,,,931554224.93,841399673,373603378.88,,,283824268.41,,0,143094385.99,,0,,,1641921706.28,18115276.25,,,1660036982.53,,,2591591207.46,,,,,,,,,,,,,,,
20051231,297216875.15,1210008.09,75659037.04,29059522.57,98489107.1,,0,0,56848725.74,0,0,0,0,1166271992.7,778299.7,0,0,0,,,1725533568.09,,,0,0,72825731.02,0,,1101848143.83,446422288.51,655425855.32,3550899.05,651874956.27,4092273,0,0,,,,190825284.72,,,5074459.63,,0,0,,,924692704.64,,,2650226272.73,205000000,,66929515.71,138371176.87,362805157.25,36029791.36,40563423.23,,0,29440796.21,,0,78333393.63,114872.94,0,,,,0,0,115000000,0,,,1072588127.2,20000000,0,0,206000,,,324296.28,0,,,20530296.28,,,1093118423.48,841399673,373603378.88,,,283824268.41,,0,40135659.48,,0,,,1538962979.77,18144869.48,,,1557107849.25,,,2650226272.73,,,,,,,,,,,,,,,
20050930,238764750.06,1293686.3,68360517.5,62076822.38,134120699.49,,0,0,53035750.56,0,0,0,0,906346163.19,3483663.85,0,0,358637.79,,,1467840691.12,,,0,0,130011913.91,0,,1006363019.1,433793996.16,572569022.94,6801598.97,565767423.97,90969364.55,0,-54371,,,,190207403.59,,,114767.96,,0,0,,,977016502.98,,,2444857194.1,225000000,,68623202.55,72007080.1,148668562.1,34988700.36,110120736.78,,0,27671283.58,,0,53538559.46,772600.7,0,,,,0,0,75000000,0,,,816390725.63,78000000,0,0,206000,,,324296.28,0,,,78530296.28,,,894921021.91,841399673,373603378.88,,,283124490.87,,0,33732002.59,,0,,,1531859545.34,18076626.85,,,1549936172.19,,,2444857194.1,,,,,,,,,,,,,,,
20050630,256632471.24,1293686.3,73576584.86,52834041.78,140740554,,0,0,27093713.55,0,0,0,0,905493056.05,3734640.84,0,0,0,,,1461398748.62,,,62000000,0,130886556.43,0,,998330562.7,417491314.27,580839248.43,6801598.97,574037649.46,75287065.14,0,0,,,,191454745.87,,,157500.33,,0,0,,,1033823517.23,,,2495222265.85,292800000,,74123908.6,34024991.62,121610926.33,31524568.69,106017874.61,,33655986.92,25843066.47,,0,61503986.07,7149730.67,0,,,,0,0,75000000,0,,,863255039.98,78000000,0,0,206000,,,324296.28,0,,,78530296.28,,,941785336.26,841399673,373603271.21,,,283124490.87,,0,35486090.94,,0,,,1533613526.02,19823403.57,,,1553436929.59,,,2495222265.85,,,,,,,,,,,,,,,
20050331,298836463.67,1293686.3,63549263.97,78553758.39,97610924.21,,0,0,53393836.42,0,0,0,0,875010308.23,2450969.46,0,0,1267838.94,,,1471967049.59,,,62000000,0,160276884.97,0,,996430804.49,402105265.08,594325539.41,6801598.97,587523940.44,56758595.64,0,265783.42,,,,193423108.13,,,200232.9,,0,0,,,1060448545.5,,,2532415595.09,332800000,,102143292.58,48666826.56,86898168.02,21747183.56,90691261.66,,806.4,24569678.17,,0,61362743.69,5192676.11,0,,,,0,0,75000000,0,,,849072636.75,78000000,0,0,206000,,,324296.28,0,,,78530296.28,,,927602933.03,841399673,373603271.21,,,279535160.78,,0,90606854.34,,0,,,1585144959.33,19667702.73,,,1604812662.06,,,2532415595.09,,,,,,,,,,,,,,,
20041231,257927054.83,1293686.3,63115733.48,51192127.11,90474124.26,,,,40859692.96,,,0,,930533283.32,1305049.83,,,,,,1436700752.09,,,62000000,,160962782.43,,,996442505.83,385942185.21,610500320.62,6801598.97,603698721.65,47901883.11,,,,,,194746447.5,,,242965.67,,,,,,1069552800.36,,,2506253552.45,382800000,,79103062.02,59075313.74,163228177.73,20706365.13,16596541.72,,,27616233.86,,,50266421.67,729855.24,,,,,,,18000000,,,,818121971.11,135000000,,,206000,,,324296.28,,,,135530296.28,,,953652267.39,841399673,373603271.21,,,279535160.78,,,37771641.91,,,,,1532309746.9,20291538.16,,,1552601285.06,,,2506253552.45,,,,,,,,,,,,,,,
20040930,263563864.74,1293686.3,41022049.38,86641783.33,89026385.74,,0,0,46869029.61,0,0,0,0,898277362.64,3559020.68,0,0,0,,,1430253182.42,,,0,0,161063927.97,0,,989569215.21,369672912.14,619896303.07,6835899.07,613060404,28557190.68,90884.5,0,,,,196542999.4,,,507031.38,,0,0,,,999822437.93,,,2430075620.35,413800000,,24839734.72,103953508.41,45341834.24,20618257.1,33712128.3,,0,25558823.51,,0,69711583.44,0,0,,,,0,0,0,0,,,737535869.72,153000000,0,0,206000,,,324296.28,0,,,153530296.28,,,891066166,841399673,373603271.21,,,276384440.91,,0,26972587.11,,0,,,1518359972.23,20649482.12,,,1539009454.35,,,2430075620.35,,,,,,,,,,,,,,,
20040630,299886761.77,1293686.3,45457624.6,90522407.19,81841605.39,,0,238249.83,34789567.16,0,0,0,0,852696165.41,2090114.86,0,0,0,,,1408816182.51,,,0,0,169903570.43,0,,976709775.44,362679571.14,614030204.3,8321873.66,605708330.64,24061434.89,0,0,,,,186474450.3,,,881763.96,,0,0,,,987029550.22,,,2395845732.73,418800000,,32643761.38,61139952.03,33753374.83,16773942.63,55370345.85,,0,26130745.1,,0,61970799.29,4342910.16,0,,,,0,0,0,0,,,710925831.27,153000000,0,0,206000,,,324296.28,0,,,153530296.28,,,864456127.55,841399673,373603271.21,,,276384440.91,,0,28650145.71,,0,,,1520037530.83,11352074.35,,,1531389605.18,,,2395845732.73,,,,,,,,,,,,,,,
20040331,396939693.16,1293686.3,77795012.99,109173101.15,111958226.39,,0,0,55031252.95,0,0,0,0,847838394.5,717722.91,0,0,0,,,1600747090.35,,,0,0,156377493.87,0,,981708110.01,352213412.66,629494697.35,8455501.01,621039196.34,10129007.89,0,0,,,,191654367.91,,,1256496.54,,0,0,,,980456562.55,,,2581203652.9,521200000,,95173475.29,60336142.53,35566595.15,15145192.75,42478718.34,0,342163.74,24885703.08,,0,35334355.64,3697531.32,0,,,,0,0,50000000,0,,,884159877.84,133000000,0,0,206000,,0,324296.28,0,,,133530296.28,,,1017690174.12,841399673,373603271.21,,,271310601.81,,0,53884933.14,0,0,,,1540198479.16,0,,,1540198479.16,,,2581203652.9,,,,,,,,,,,,,,,
20031231,451229814.89,1293686.3,119158172.8,98793574.62,53507717.32,,,,29571549.94,,,0,,900565516.66,811196.59,,,,,,1654931229.12,,,,,156318702.74,,,975166186.34,336077942.72,639088243.62,8455501.01,630632742.61,10359399.01,,,,,,192939750.01,,,1659680.12,,,,,,991910274.49,,,2646841503.61,548200000,,80400000,132780077.71,114096011.72,18692281.67,-17220625.17,,342163.74,20691615.07,,,34554075.31,461025.18,,,,,,,67000000,,,,999996625.23,133000000,,,206000,,,324296.28,,,,133530296.28,,,1133526921.51,841399673,373603271.21,,,271310601.81,,,2786649.58,,,,,1489100195.6,24214386.5,,,1513314582.1,,,2646841503.61,,,,,,,,,,,,,,,
20030930,388555396.08,1072710.6,57997889.01,150231448.87,75073494.8,,0,0,59055359.22,0,0,0,0,808441364.67,6436093.76,0,0,79797.9,,,1546943554.91,,,0,0,162437038.49,0,,813005152.08,326992877.21,486012274.87,9048925.94,476963348.93,188735159.12,0,0,,,,196935466.32,,,2059016.7,,0,0,,,1027130029.56,,,2574073584.47,415200000,,117233188,71947068.81,35269489.65,21469884.56,16691472.91,,646657.6,33789490.99,,0,75222201.42,673462.76,0,,,,0,0,150000000,0,,,938142916.7,78000000,0,0,206000,,,324296.28,0,,,78530296.28,,,1016673212.98,841399673,373227794.08,,,271867989.36,,0,47633590.16,,0,,,1534129046.6,23271324.89,,,1557400371.49,,,2574073584.47,,,,,,,,,,,,,,,
20030630,381096590.87,1072710.6,49896952.45,148434034.43,67862260.24,,0,297812.29,33234451.85,0,0,0,0,818572751.74,2532712.14,0,0,0,,,1503000276.61,,,0,0,171735834.57,0,,808052110.86,313549277.68,494502833.18,9048925.94,485453907.24,172911917.29,0,0,,,,198769676.47,,,2178090.92,,0,0,,,1031049426.49,,,2534049703.1,377200000,,138088913.45,76834098.32,17112882.72,12983390.26,15612252.28,,342163.89,32779488.3,,0,42265265.99,6836371.56,0,,,,0,0,175000000,0,,,895054826.77,75000000,0,0,206000,,,324296.28,0,,,75530296.28,,,970585123.05,525874796,688742861.48,,,271867989.36,,0,52494431.53,,0,,,1538980078.37,24484501.68,,,1563464580.05,,,2534049703.1,,,,,,,,,,,,,,,
20030331,394697790.92,1064222.15,65746128.34,209740938.4,43527982.37,,0,0,92950604,0,0,0,0,791524212.62,1195001.78,0,0,167173.74,,,1600614054.32,,,100000,0,171400896.91,0,,798652456.13,299741336.87,498911119.26,9048925.94,489862193.32,140923952.38,0,2542126.98,,,,200185222.4,,,2306388.2,,0,0,,,1007320780.19,,,2607934834.51,449200000,,139494025.55,89686711.61,14341916.24,12450800.73,61137538.11,,646657.6,34054803.85,,0,37278317.46,4131259.12,0,,,,0,0,100000000,0,,,942422030.27,100000000,0,0,206000,,,324296.28,0,,,100530296.28,,,1042952326.55,525874796,688729807.88,,,237247407.83,,0,86818973.97,,0,,,1538670985.68,26311522.28,,,1564982507.96,,,2607934834.51,,,,,,,,,,,,,,,
20021231,426518552.53,1064222.15,47103789.5,145623620.31,65006130.69,,0,0,32883943.54,0,0,0,0,776391947.62,1653515.75,0,0,0,,,1496245722.09,,,100000,0,172398536.99,0,,797262137.73,288329317.43,508932820.3,9048925.94,499883894.36,93216932.21,0,0,,,,202307360.23,,,2653784.21,,0,0,,,970560508,,,2466806230.09,448220000,,102628843.7,75925842.28,31948142.81,16304704.16,-1346476.5,0,342163.89,34773475.24,,0,33727371.7,852729.08,0,,,,0,0,100000000,0,,,843376796.36,100000000,0,0,206000,,0,324296.28,0,,,100530296.28,,,943907092.64,525874796,688729807.88,,,265419745.73,,0,17320022.08,0,0,,,1497344371.69,25554765.76,,,1522899137.45,,,2466806230.09,,,,,,,,,,,,,,,
20020930,160403672.33,1293686.3,26988426.08,207329709.65,65165724.97,,0,0,86844609.32,0,0,0,0,722916045.4,8050003.3,0,0,2510668.37,,,1281502545.72,,,100000,0,178570508.7,0,,798789914.81,282008428.32,516781486.49,9048925.94,507732560.55,63127855.42,0,-214815.85,,,,204405465.21,,,4006071.86,,0,0,,,945441123.85,,,2226943669.57,351220000,,82565593.4,67853429.18,19799071.53,24823356.57,49704454.76,,73986843.55,33201061.27,,0,67073744.92,2177270.59,0,,,,0,0,20000000,0,,,792404825.77,180000000,0,0,206000,,,324296.28,0,,,180530296.28,,,972935122.05,488934574,441027449.62,,,266907126.67,,0,31236679.2,,0,,,1228105829.49,25902718.03,,,1254008547.52,,,2226943669.57,,,,,,,,,,,,,,,
20020630,150940471.13,1293686.3,32893508,181338358.51,19650115.56,,0,0,70660352.75,0,0,0,0,758230258.89,2736996.89,0,0,0,,,1217743748.03,,,100000,0,170888255.81,0,,795456479.68,271742115.7,523714363.98,9048925.94,514665438.04,49851485.76,0,0,,,,206494276.85,,,4439888.31,,0,0,,,946439344.77,,,2164183092.8,329300000,,90692161.35,46298970.33,24284343.5,21134316.29,35883637.36,,73682349.84,31654121.89,,0,43165337.24,13865203.39,0,,,,0,0,20000000,0,,,729960441.19,180000000,0,0,206000,,,324296.28,0,,,180530296.28,,,910490737.47,488934574,441027449.32,,,266907126.67,,0,31269646.18,,0,,,1228138796.17,25553559.16,,,1253692355.33,,,2164183092.8,,,,,,,,,,,,,,,
20020331,214643805.03,66540,32226121.1,179599672.6,58930839.61,,0,0,82300817.29,0,0,0,0,695975705.44,271627.39,0,0,-8377.69,,,1264006750.77,,,100000,0,160583430.17,0,,792601576.89,258965633.96,533635942.93,9048925.94,524587016.99,41100806.03,0,-111339.16,,,,207776268.54,,,4925917.18,,0,0,,,938962099.75,,,2202968850.52,303700000,,74867006.62,51207586,14211945.62,23076547.45,97644771.91,0,646657.45,33704117.61,,0,46526053.99,9199092.27,2435593.17,,,,0,0,40000000,197615.95,,,697416988.04,170000000,0,206000,0,,0,324296.28,0,,,170530296.28,,,867947284.32,488934574,441013633,,,261787797,,0,112610786.62,0,0,,,1304346790.62,30674775.58,,,1335021566.2,,,2202968850.52,,,,,,,,,,,,,,,
20011231,245913391.89,66540,19617468,161697443.02,53399185.87,,0,0,52668637.89,0,0,0,0,667981000.77,1015670.51,0,0,0,,,1202359337.95,,,100000,0,160458430.16,0,,789188899.96,245669927.71,543518972.25,9048925.94,534470046.31,40098527.41,0,0,,,,210752140.23,,,5540980.72,,0,0,,,951420124.83,,,2153779462.78,302150000,,81393728.84,69861771.75,23603608.47,22711601.39,58338251.33,,346059.99,29590844.3,,0,41077967.09,1338237.82,2435593.17,,,,0,0,57400000,0,,,690247664.15,170000000,0,0,0,,,324296.28,206000,,,170530296.28,,,860777960.43,488934574,441013633.2,,,261787797,,0,75697137.72,,0,,,1267433141.92,25568360.43,,,1293001502.35,,,2153779462.78,,,,,,,,,,,,,,,
20010630,204056626.75,66540,13793700,191752802.42,48755169.25,,0,0,67564206.81,0,0,0,0,595331393.83,2553972.89,0,0,0,,,1123874411.95,,,100000,0,163115423.91,0,,756270981.3,221649341.19,534621640.11,9058925.94,525562714.17,55131176.82,0,822741.81,,,,208376949.63,,,6123167.58,,0,0,,,959232173.92,,,2083106585.87,208250000,,64395697.51,52564148.81,12719879.08,19085192.69,67220686.78,,124127741.78,29846801.89,,0,36834967.21,12791914.82,0,,,,0,0,0,0,,,627837030.57,220400000,0,0,0,,,324296.28,206000,,,220930296.28,,,848767326.85,488934574,439730283.3,,,255156629.58,,0,35485036.12,,0,,,1219306523,15032736.02,,,1234339259.02,,,2083106585.87,,,,,,,,,,,,,,,
20001231,174952746.78,20000000,42441277.84,177897117.83,3288763.52,,0,0,118178694.54,0,60085349.59,0,0,515907903.65,981330.14,203028.28,0,0,,,1063191612.18,,,100000,0,168652659.74,0,,730890407.64,200235343.92,530655063.72,0,530655063.72,55279821.69,0,187778.28,,,,212819647.88,,,7197625.22,,0,0,,,974979819.59,,,2038171431.77,136650000,,30658781.34,65050936.99,14808348.58,26170303.85,35204056.5,,1493120.4,26372931.93,,0,41150732.51,344446.61,0,,,,0,0,3000000,0,,,380903658.71,324000000,0,206000,0,,,1824478.61,0,,,326030478.61,,,706934137.32,488934574,442776108.03,,,250533335.86,,0,133016387.98,,0,,,1315260405.87,15976888.58,,,1331237294.45,,,2038171431.77,,,,,,,,,,,,,,,
20000630,108214767.25,0,24698875.6,190737449.19,11554755.72,,0,0,111901308.46,0,45129531.46,0,0,400031416.05,3520041.8,-125727.59,0,0,,,844274084.4,,,250000,0,219116531.53,0,,609075492.52,179137282.85,429938209.67,0,429938209.67,146750844.58,0,187778.28,,,,214959435.15,,,6563426.87,,0,0,,,984946988.03,,,1829221072.43,353400000,,22205996.85,39850963.1,8365933.29,13917074.83,105093028.4,,0,12383676.01,,0,36816045.85,8649627.38,0,,,,0,0,0,0,,,600682345.71,3000000,0,15366493.62,0,,,324296.28,0,,,14117953.7,,,614800299.41,488934574,439730283.3,,,227545030.29,,0,45041222.62,,0,,,1201251110.21,13169662.81,,,1214420773.02,,,1829221072.43,,,,,,,,,,,,,,,
19991231,198827645.89,0,47352316,146241403.36,4931261.92,,0,0,96942823.94,,45129531.46,,0,388729692.13,2380149.57,0,0,0,,,883268764.72,,,250000,,199969402.97,0,,606194752.43,162456521.33,443738231.1,0,443738231.1,102565719.41,319482.73,7992.74,,,,218858510.67,,,7326509.8,,0,0,,,940246155.98,,,1823514920.7,180500000,,26148069.83,70873635.86,13105239.48,13518830.89,59859299.18,,215768033.93,13942950.98,,,45763833.07,451893.84,0,,,,,,0,0,,,639931787.06,3000000,0,13406890.33,0,,,324296.28,0,,,12157795.41,,,652089582.47,488934574,439730283.3,,,227545030.29,,0,2006940.16,,0,,,1158216827.75,13208510.48,,,1171425338.23,,,1823514920.7,,,,,,,,,,,,,,,
19990630,200697869.7,0,36042609.44,153176216.92,12264857.2,,0,0,266268655.43,,11414359.4,,0,353959056.88,5013085.15,-2618139.63,0,0,,,1036374103.16,,,250000,,120028617.73,0,,599749279.38,144953087.47,454796191.91,0,454796191.91,64978367.92,0,-105727.21,,,,182853651.12,,,334363.9,,0,0,,,821760378.56,,,1858134481.72,148000000,,16572287.2,63609070.61,7815658.26,11452100.79,48712360.8,,0,45587119.56,,,87951549.01,187309.84,0,,,,,,0,0,,,429887456.07,135500,0,0,0,,,324296.28,0,,,9298017.31,,,439185473.38,488934574,439730283.3,,,223203986.1,,0,251666506.81,,0,,,1403535350.21,15413658.13,,,1418949008.34,,,1858134481.72,,,,,,,,,,,,,,,
19981231,144721264.96,0,75063340.75,125176506.27,1801688.87,,0,0,217019058.78,,26971359.4,,0,380578815.18,2956887.73,-2711843.91,0,0,,,970974748.23,,,250000,,111028617.73,0,,590131060.47,127320481.94,462810578.53,0,462810578.53,51699316.52,0,-16500,,,,185423809.57,,,262500.21,,0,0,,,810142929.26,,,1781117677.49,128800000,,39761134.57,95362050.31,13077300.07,23900134.12,48554354.85,,0,45980858.08,,,22803638.7,5793.6,0,,,,,,0,0,,,418245264.3,0,0,0,0,,,324296.28,0,,,7575210.46,,,425820474.76,488934574,439730283.3,,,223203986.1,,0,188802813.73,,0,,,1340671657.13,14625545.6,,,1355297202.73,,,1781117677.49,,,,,,,,,,,,,,,
19980630,148051151.61,0,31153000.4,152061275.84,1288387.2,,0,0,248734947.09,,0,,0,326485960.25,4048756.15,71025.33,0,2421.3,,,911080620.8,,,250000,,114354257.85,0,,382244018.36,110255824.62,271988193.74,0,271988193.74,282561542.36,0,-16500,,,,82481116.64,,,307241.2,,0,0,,,752052852.34,,,1663133473.14,73000000,,0,0,0,0,0,,0,0,,,0,0,0,,,,,,0,0,,,73000000,49500,0,0,0,,,534613567.64,354323.7,,,360797330.93,,,433797330.93,488934574,434528607.49,,,197963858.06,,0,94999751.43,,0,,,1216426790.98,12909351.23,,,1229336142.21,,,1663133473.14,,,,,,,,,,,,,,,
19971231,129204661.77,0,55895000,163260875.31,1265772.81,,0,0,104411857.31,,0,,0,276096001.51,833888.61,2421.3,0,0,,,730154174.25,,,250000,,0,0,,313912021.35,97893318.19,216018703.16,0,216018703.16,236922686.45,0,0,,,,44990488.69,,,0,,0,954643.51,,,622711604.5,,,1352865778.75,144600000,,0,72125965.73,6430836.58,8531634.77,93503985.58,,112831056,49983309.62,,,31254528.13,0,0,,,,,,0,0,,,519261316.41,79000,0,15273251.23,0,,,0,0,,,15352251.23,,,534613567.64,325278720,135830431.93,,,197963858.06,,0,159179201.12,,0,,,818252211.11,0,,,818252211.11,,,1352865778.75,,,,,,,,,,,,,,,
19970630,0,0,0,0,0,,0,0,0,,0,,0,0,0,0,0,0,,,544580133.68,,,0,,105255082.69,0,,0,0,195041135.4,0,195041135.4,230788261.34,0,0,,,,0,,,0,,0,0,,,580043803.09,,,1124623936.77,0,,0,0,0,0,0,,0,0,,,0,0,0,,,,,,0,0,,,407126992.15,0,0,0,0,,,0,0,,,7873541.19,,,415000533.34,325278720,135543431.93,,,134216867.1,,0,114584384.1,,0,,,709623403.43,0,,,709623403.43,,,1124623936.77,,,,,,,,,,,,,,,
19961231,87999644.77,1375664,18227500,13105672.27,3623997.95,,0,0,126922342.59,,0,,0,263094906.36,6984192.01,0,0,0,,,521268391.59,,,0,,104575082.69,0,,255647752.72,79465651.16,176182101.56,0,176182101.56,213521398.17,0,77839.37,,,,44437041.86,,,0,,0,4126672.57,,,542920136.22,,,1064188527.81,82000000,,0,19634564.91,27159515.34,5136977.02,105762680.86,,135532800,44599453.53,,,19633918.46,0,0,,,,,,5070000,0,,,444529910.12,0,0,0,0,,,0,7597305.26,,,7597305.26,,,452127215.38,169416000,237193031.93,,,134216867.1,,0,71235413.4,,0,,,612061312.43,0,,,612061312.43,,,1064188527.81,,,,,,,,,,,,,,,
19960630,0,0,0,0,0,,0,0,0,,0,,0,0,0,0,0,0,,,494144500,,,0,,70867200,0,,0,0,176108700,0,176108700,164771900,0,0,,,,0,,,0,,0,0,,,462698600,,,956843100,0,,0,0,0,0,0,,0,0,,,0,0,0,,,,,,0,0,,,370630700,0,0,0,0,,,0,0,,,8983200,,,379613900,169416000,237193000,,,85279700,,0,85340400,,0,,,577229100,0,,,577229100,,,956843100,,,,,,,,,,,,,,,
19951231,54873159.03,9118505,2697795.2,10950175.94,2349863.76,,0,0,87295857.25,,0,,0,234944789.17,13493527.36,0,0,0,,,415685660.6,,,0,,68459552.69,0,,241211927.88,62381530.14,178830397.74,0,178830397.74,139207135.15,0,3724.71,,,,48859401.98,,,0,,0,6560472.07,,,441920684.34,,,857606344.94,28470000,,0,9876185.31,87105038.1,4431774.41,38407903.59,,101649600,40363392.44,,,24770132.48,188286.25,0,,,,,,8000000,0,,,343262312.58,5070000,0,6365819.52,0,,,0,0,,,11435819.52,,,354698132.1,169416000,237193031.93,,,85279687.18,,0,11019493.73,,0,,,502908212.84,0,,,502908212.84,,,857606344.94,,,,,,,,,,,,,,,
19950630,0,0,0,0,0,,0,0,0,,0,,0,0,0,0,0,0,,,879704100,,,0,,63858400,0,,0,0,173913900,0,173913900,90923500,0,0,,,,0,,,0,,0,0,,,-116060900,,,763643200,0,,0,0,0,0,0,,0,0,,,0,0,0,,,,,,0,0,,,214217900,0,0,0,0,,,0,0,,,26816100,,,241034000,112944000,0,,,0,,0,0,,0,,,522609200,0,,,522609200,,,763643200,,,,,,,,,,,,,,,
19941231,43433080.63,10415935,0,285271.65,21276641.38,,0,0,91581538.13,,0,,0,145954742.52,15623154.25,5332.76,0,0,,,328574277.65,,,0,,61444999.18,0,,208082997.58,45611175.28,162471822.3,0,162471822.3,72711991.46,0,0,,,,53244047.54,,,0,,0,8354932.91,,,358227793.39,,,686802071.04,52900000,,0,531545.39,50656146,1263279.62,14109543.32,,0,38300580.64,,,25691782.25,463987.74,0,,,,,,0,0,,,188700464.96,23700000,0,7174848.34,0,,,0,0,,,30874848.34,,,219575313.3,86880000,236634775.88,,,43060889.96,,0,100651091.9,,0,,,467226757.74,0,,,467226757.74,,,686802071.04,,,,,,,,,,,,,,,
19940630,0,0,0,0,0,,0,0,0,,0,,0,0,0,0,0,0,,,309519600,,,0,,49985900,0,,0,0,149914400,0,149914400,57657200,0,0,,,,0,,,0,,0,0,,,313547500,,,623067100,0,,0,0,0,0,0,,0,0,,,0,0,0,,,,,,0,0,,,172697500,0,0,0,0,,,0,0,,,32114700,,,204812200,86880000,0,,,0,,0,0,,0,,,418254800,0,,,418254800,,,623067100,,,,,,,,,,,,,,,
19931231,10208193.51,0,0,35944500.33,1254459.27,,0,0,29107149.61,,0,,0,155443913.29,719634.27,0,0,0,,,232498123.22,,,0,,16580159.43,0,,119213092.25,30007136.87,89205955.38,0,89205955.38,107525674.93,0,0,,,,57552585.78,,,0,,0,814169.21,,,271678549.73,,,504176672.95,69103000,,0,3916754.02,8584153.75,482511.71,22864819.43,,0,39783730.49,,,33247804.41,666788.69,0,,,,,,9997427.97,0,,,228646990.47,29420000,0,10714108.52,0,,,0,0,,,40134108.52,,,268781098.99,65000000,133406928.88,,,14795458.03,,0,22193187.05,,0,,,235395573.96,0,,,235395573.96,,,504176672.95,,,,,,,,,,,,,,,
19921231,12212974.18,0,0,173978.96,832849.42,,0,0,45843264.62,,0,,0,107968377.83,859320.92,80623.95,0,0,,,167890765.93,,,0,,5433556.07,0,,155433763.95,32568693.67,122865070.28,0,122865070.28,87159547.8,0,0,,,,0,,,0,,0,0,,,216866062.01,,,384756827.94,56903000,,0,4245297.56,5638155.13,0,22820911.1,,0,25203299.61,,,40465048.66,347442.79,0,,,,,,0,0,,,155623154.94,24856870,0,2658193.84,0,,,0,0,,,27515063.84,,,183138218.78,150616938.92,0,,,51001670.24,,0,0,,0,,,201618609.16,0,,,201618609.16,,,384756827.94,,,,,,,,,,,,,,,
19911231,6558584.36,0,0,145470.08,221680.25,,0,0,36641535.37,,0,,0,62358546.04,248503.76,1224857.15,0,0,,,106174319.86,,,0,,4833556.97,0,,97145364.47,10165246.34,86980018.13,0,86980018.13,68783959.02,0,0,,,,0,,,0,,0,0,,,161822391.27,,,267996711.13,27293000,,0,2752460.78,21461251.75,39607.41,9972124,,0,14706358.8,,,14511798.36,469107.02,0,,,,,,0,0,,,91205708.2,31948750,0,0,0,,,0,0,,,31948750,,,123154458.2,105298428.93,0,,,39543824,,0,0,,0,,,144842252.93,0,,,144842252.93,,,267996711.13,,,,,,,,,,,,,,,
