"报表期起始日","报表期截止日","销售商品、提供劳务收到的现金","客户存款和同业存放款项净增加","向中央银行借款净增加额","向其他金融机构拆入资金净增加","收到原保险合同保费取得的现金","收到再保险业务现金净额","保户储金及投资款净增加额","处置交易性金融资产净增加额","收取利息、手续费及佣金的现金","拆入资金净增加额","回购业务资金净增加额","收到的税费返还","收到的其他与经营活动有关的现","特殊处理本身不平经营流入","特殊处理格式不同经营流入","经营活动现金流入小计","购买商品、接受劳务支付的现金","客户贷款及垫款净增加额","存放中央银行和同业款项净增加","支付原保险合同赔付款项的现金","支付利息、手续费及佣金的现金","支付保单红利的现金","支付给职工以及为职工支付的现","支付的各项税费","支付的其他与经营活动有关的现","特殊处理本身不平经营流出","特殊处理格式不同经营流出","经营活动现金流出小计","特殊处理本身不平经营净额","特殊处理格式不同经营净额","一、经营活动产生的现金流量净","收回投资所收到的现金","取得投资收益收到的现金","处置固定资产、无形资产和其他","处置子公司及其他营业单位收到","收到的其他与投资活动有关的现","减少质押和定期存款所收到的现","特殊处理本身不平投资流入","特殊处理格式不同投资流入","投资活动现金流入小计","购建固定资产、无形资产和其他","投资所支付的现金","质押贷款净增加额","取得子公司及其他营业单位支付","支付的其他与投资活动有关的现","增加质押和定期存款所支付的现","特殊处理本身不平投资流出","特殊处理格式不同投资流出","投资活动现金流出小计","特殊处理本身不平投资净额","特殊处理格式不同投资净额","二、投资活动产生的现金流量净","吸收投资收到的现金","其中：子公司吸收少数股东投资","取得借款收到的现金","发行债券收到的现金","收到其他与筹资活动有关的现金","特殊处理本身不平筹资流入","特殊处理格式不同筹资流入","筹资活动现金流入小计","偿还债务支付的现金","分配股利、利润或偿付利息所支","其中：子公司支付给少数股东的","支付其他与筹资活动有关的现金","特殊处理本身不平筹资流出","特殊处理格式不同筹资流出","筹资活动现金流出小计","特殊处理本身不平筹资净额","特殊处理格式不同筹资净额","三、筹资活动产生的现金流量净","四、汇率变动对现金及现金等价","特殊处理本身不平现金净额","特殊处理格式不同现金净额","五、现金及现金等价物净增加额","期初现金及现金等价物余额","特殊处理本身不平现金期末","特殊处理格式不同现金期末","六、期末现金及现金等价物余额","净利润","少数股东权益","未确认的投资损失","资产减值准备","固定资产折旧、油气资产折耗、","投资性房地产折旧、摊销","无形资产摊销","长期待摊费用摊销","待摊费用的减少","预提费用的增加","处置固定资产、无形资产和其他","固定资产报废损失","公允价值变动损失","递延收益增加（减：减少）","预计负债","财务费用","投资损失","递延所得税资产减少","递延所得税负债增加","存货的减少","经营性应收项目的减少","经营性应付项目的增加","已完工尚未结算款的减少(减:","已结算尚未完工款的增加(减:","其他","特殊处理本身不平经营净额附表","特殊处理格式不同经营净额附表","经营活动产生现金流量净额","债务转为资本","一年内到期的可转换公司债券","融资租入固定资产","现金的期末余额","现金的期初余额","现金等价物的期末余额","现金等价物的期初余额","特殊处理本身不平现金净额附表","特殊处理格式不同现金净额附表","现金及现金等价物的净增加额"
20170101,20170331,17391210439.62,-233390241.02,,,,,,,516839506.62,,,,259991440.64,,,17934651145.86,1339616768.43,186531004.46,-117649933.54,,27924391.15,,2374274685.57,7476603778.66,538375354.57,,,11825676049.3,,,6108975096.56,,,,,13335955.06,,,,13335955.06,307369260.11,,,,6306387.06,,,,313675647.17,,,-300339692.11,,,,,,,,0,,,,,,,0,,,0,10268.61,,,5808645673.06,62794794812.99,,,68603440486.05,,,,,,,,,,,,,,,,,,,,,,,,,,,,,,,,68603440486.05,62794794812.99,,,,,5808645673.06
20160101,20161231,61012964102.54,4811196033,,,,,,,1265842778.44,,,,189142723.95,,,67279145637.93,2773020403.27,42393350.8,2340362436.74,,115962455.33,,4674154236.66,17510516331.2,2371486776.88,,,29827895990.88,,,37451249647.05,,,92084.5,,5562351.19,,,,5654435.69,1019178136.92,,,,88977102.97,,,,1108155239.89,,,-1102500804.2,16000000,16000000,,,,,,16000000,,8350512252.23,532067286.55,,,,8350512252.23,,,-8334512252.23,72317.8,,,28014308908.42,34780485904.57,,,62794794812.99,17930643109.88,,,12327496.22,842728072.04,,80457895.99,11008704.17,,,,1869869.13,,,,,,-590203046.54,,-2608954802.85,7669650565.84,14101721783.17,,,,,,37451249647.05,,,,62794794812.99,34780485904.57,,,,,28014308908.42
20160101,20160930,46386049733.35,6513496165.39,,,,,,,876168671.33,,,,50756687.76,,,53826471257.83,1690057834.95,154228431.78,1593510450.03,,81430785.99,,3702135185.6,12916742077.71,1153033860.08,,,21291138626.14,,,32535332631.69,,,75180,,5447356,,,,5522536,775269285.34,,,,3740639.78,,,,779009925.12,,,-773487389.12,,,,,,,,0,,8284063910.35,532067286.54,,,,8284063910.35,,,-8284063910.35,129834.15,,,23477911166.37,34780485904.57,,,58258397070.94,,,,,,,,,,,,,,,,,,,,,,,,,,,,,,,,58258397070.94,34780485904.57,,,,,23477911166.37
20160101,20160630,25749880783.76,1712069372.82,,,,,,,572550105.67,,,,39694537.32,,,28074194799.57,1304317657.36,-156039425.53,943737469.24,,37317596.28,,2698571545.01,8862965658.95,779362014.27,,,14470232515.58,,,13603962283.99,,,73845,,3956396.91,,,,4030241.91,496606045.55,,,,62932043.91,,,,559538089.46,,,-555507847.55,,,,,,,,0,,3283073780.99,508507286.54,,,,3283073780.99,,,-3283073780.99,92483.7,,,9765473139.15,34780485904.57,,,44545959043.72,9377202963.15,,,5536334.93,417647140.02,,40081010.55,5681522.13,,,,-43123.46,,,,,,260090725.32,,-431629401.96,2009494366.98,1919900746.33,,,,,,13603962283.99,,,,44545959043.72,34780485904.57,,,,,9765473139.15
20160101,20160331,15490821766.28,991023712.88,,,,,,,220683353.98,,,,25710726.48,,,16728239559.62,874194565.59,120000000,975793267.2,,32118367.63,,1617022189.58,5171171353.86,501895480.78,,,9292195224.64,,,7436044334.98,,,117322,,2153315.11,,,,2270637.11,367086565.33,,,,56529387.61,,,,423615952.94,,,-421345315.83,,,,,,,,0,,508507286.54,508507286.54,,,,508507286.54,,,-508507286.54,88199.83,,,6506279932.44,34780485904.57,,,41286765837.01,,,,,,,,,,,,,,,,,,,,,,,,,,,,,,,,41286765837.01,34780485904.57,,,,,6506279932.44
20150101,20151231,37083071835.58,2011171589.94,,,,,,,766016183.29,,,,153647241.24,,,40013906850.05,2967732630.37,-11600000,-848231824.96,,62297196.96,,4536877341.1,14003048933.21,1867442431.65,,,22577566708.33,,,17436340141.72,60050000,3869172.05,8772937.39,,33357886.05,,,,106049995.49,2061470481.32,25050000,,,68319778.76,,,,2154840260.08,,,-2048790264.59,,,,,22000000,,,22000000,55917672,5554101966.61,513009332.72,,,,5610019638.61,,,-5588019638.61,-16273531.71,,,9783256706.81,24997229197.76,,,34780485904.57,16454996625.22,,,-540313.39,761458678.29,,79883270.42,6804749.02,,,,-17419.86,,,,,-3869276.9,-333734968.43,,-3030932654.85,-6705177839.34,10207469291.54,,,,,,17436340141.72,,,,34780485904.57,24997229197.76,,,,,9783256706.81
20150101,20150930,24477232865.84,2409987947.24,,,,,,,527168743.64,,,,136593409.73,,,27550982966.45,2303416797.91,-10000000,-1254372778.92,,52443434.45,,3492388231.79,10136472538.44,1407241415.72,,,16127589639.39,,,11423393327.06,60000000,3868919.86,1280,,31502649.24,,,,95372849.1,1810810170.61,25000000,,,42557201.53,,,,1878367372.14,,,-1782994523.04,,,,,22000000,,,22000000,55917672,5553637709.52,,,,,5609555381.52,,,-5587555381.52,-16228116.08,,,4036615306.42,24997229197.76,,,29033844504.18,,,,,,,,,,,,,,,,,,,,,,,,,,,,,,,,29033844504.18,24997229197.76,,,,,4036615306.42
20150101,20150630,16984694704.92,-907491446.96,,,,,,,375037094.38,,,,62292291.9,,,16514532644.24,1639661852.66,,-1070719219.68,,9238012.91,,2618952481.35,7449484441.79,966226731.93,,,11612844300.96,,,4901688343.28,10000000,3342169.86,,,26440236,,,,39782405.86,1275907396.62,25000000,,,29590419.24,,,,1330497815.86,,,-1290715410,,,,,22000000,,,22000000,55917672,1024784.67,,,,,56942456.67,,,-34942456.67,-16360583.76,,,3559669892.85,24997229197.76,,,28556899090.61,8364520508.61,,,404373.28,373349019.23,,39738464.26,2445058.82,,,,38556.61,,,,,-3342169.86,272887074.26,,-1301708263.37,-2133980381.41,-712663897.15,,,,,,4901688343.28,,,,28556899090.61,24997229197.76,,,,,3559669892.85
20150101,20150331,10255492585.92,-1121952725.86,,,,,,,199448553.19,,,,25840896.54,,,9358829309.79,1021009336.47,,-474487835.88,,6604412.96,,1668685977.84,4365910314.03,659473454.97,,,7247195660.39,,,2111633649.4,10000000,332169.86,,,5093183.24,,,,15425353.1,865730347.38,,,,3740294.25,,,,869470641.63,,,-854045288.53,,,,,22000000,,,22000000,55917672,724180.91,,,,,56641852.91,,,-34641852.91,-16492948.4,,,1206453559.56,24997229197.76,,,26203682757.32,,,,,,,,,,,,,,,,,,,,,,,,,,,,,,,,26203682757.32,24997229197.76,,,,,1206453559.56
20140101,20141231,33384835714.04,1183261609.65,,,,,,,620022974.87,,,,299729378.9,,,35487849677.46,2838028404.97,-59847500,-501778611.56,,72122638.14,,3393609756.87,14496450812.41,2616741740.03,,,22855327240.86,,,12632522436.6,5000000,3095265.75,10226939.39,,106726852,,,,125049057.14,4431065066.05,15000000,,,259143571.28,,,,4705208637.33,,,-4580159580.19,34800000,34800000,67382607,,,,,102182607,,5121609336.33,580094577.97,22000000,,,5143609336.33,,,-5041426729.33,-5449166.99,,,3005486960.09,21991742237.67,,,24997229197.76,16269371509.83,,,432745.88,675349786.98,,77607523.2,3842650.48,,,,85119583.32,,,,,-3095265.75,3771418.94,,-3145554128.82,-1517982420.56,183659033.1,,,,,,12632522436.6,,,,24997229197.76,21991742237.67,,,,,3005486960.09
20140101,20140930,22043789017.42,1305065392.85,,,,,,,447196243.33,,,,322155092.52,,,24118205746.12,2052692261.44,-81447500,-1094187884.29,,63826654.19,,2614183518.13,10919970400.62,1963771052.16,,,16438808502.25,,,7679397243.87,,3010000,1047680,,105002717,,,,109060397,3698405813.68,15000000,,,270574431.65,,,,3983980245.33,,,-3874919848.33,6000000,6000000,,,,,,6000000,,5105391867.62,,,,,5105391867.62,,,-5099391867.62,,,,-1294914472.08,21991742237.67,,,20696827765.59,,,,,,,,,,,,,,,,,,,,,,,,,,,,,,,,20696827765.59,21991742237.67,,,,,-1294914472.08
20140101,20140630,14058517766.44,1376831914.82,,,,,,,281880221.7,,,,242413972.09,,,15959643875.05,1456478035.34,-91447500,-274528377.87,,22537558.12,,1647462749.56,7546599817.55,1363798243.85,,,11670900526.55,,,4288743348.5,,3010000,1047680,,105002717,,,,109060397,2846115154.85,15000000,,,246700375.63,,,,3107815530.48,,,-2998755133.48,,,,,,,,0,,5105391867.62,,,,,5105391867.62,,,-5105391867.62,,,,-3815403652.6,21991742237.67,,,18176338585.07,7664538017.59,,,243295.23,321291816.05,,38383088.6,1851383.57,,,,5620616.8,,,,,-3010000,-135000945.26,,-1403844283.62,11051404.51,-2212381044.97,,,,,,4288743348.5,,,,18176338585.07,21991742237.67,,,,,-3815403652.6
20140101,20140331,7238091747.44,-302347844.4,,,,,,,93079722.39,,,,195234095.18,,,7224057720.61,931198195.67,-75000000,89653507.85,,18009880.99,,927475783.99,4384874947.62,773929698.77,,,7050142014.89,,,173915705.72,,,173418,,88428717,,,,88602135,2024967912.28,,,,148452932.2,,,,2173420844.48,,,-2084818709.48,,,,,,,,0,,,,,,,0,,,0,,,,-1910903003.76,21991742237.67,,,20080839233.91,,,,,,,,,,,,,,,,,,,,,,,,,,,,,,,,20080839233.91,21991742237.67,,,,,-1910903003.76
20130101,20131231,33233870603.65,2773189099.54,,,,,,,120698483.4,,,,585366816.43,,,36713125003.02,3152308925.47,91447500,3193267094.01,,8214142.13,,3135608084.79,12533350979.21,1943903415.49,,,24058100141.1,,,12655024861.92,,3010000,,,756386234.64,,,,759396234.64,5405740026.23,,,,692967608.36,,,,6098707634.59,,,-5339311399.95,6000000,6000000,,,17474.78,,,6017474.78,,7391988549.25,631766584.82,,,,7391988549.25,,,-7385971074.47,,,,-70257612.5,22061999850.17,,,21991742237.67,15964899881.05,,,-2004032.3,520481867.72,,31617810.78,4197830.59,,,,8997287.17,,,,-17474.78,-3010000,-181715611.33,,-2171082645.61,-63379598.19,-1453960453.18,,,,,,12655024861.92,,,,21991742237.67,22061999850.17,,,,,-70257612.5
20130101,20130930,22279996954.57,3212830935.14,,,,,,,55606381.47,,,,392051047.05,,,25940485318.23,1971215647.3,25000000,1886078995.59,,1785892.18,,1794756331.62,9408746583.77,1607783908.46,,,16695367358.92,,,9245117959.31,,3010000,,,640634221.6,,,,643644221.6,3944662952.02,,,,536501410.66,,,,4481164362.68,,,-3837520141.08,,,,,17474.78,,,17474.78,,7344321193.68,,,,,7344321193.68,,,-7344303718.9,,,,-1936705900.67,22061999850.17,,,20125293949.5,,,,,,,,,,,,,,,,,,,,,,,,,,,,,,,,20125293949.5,22061999850.17,,,,,-1936705900.67
20130101,20130630,11959656578.26,3222131230.17,,,,,,,8428612.15,,,,282354566.61,,,15472570987.19,1249950055.57,,169914872.41,,126573.91,,1212195199.66,6377901906.04,1247457872.69,,,10257546480.28,,,5215024506.91,,3010000,,,542368131.97,,,,545378131.97,2527195939.43,,,,399765665.06,,,,2926961604.49,,,-2381583472.52,,,,,17473.89,,,17473.89,,6790411128.35,,,,,6790411128.35,,,-6790393654.46,,,,-3956952620.07,22061999850.17,,,18105047230.1,7620914791.31,,,-2068342.1,254184419.62,,11204325.32,1942477.92,,,,175182.81,,,,-17473.89,-3010000,340839344.96,,-673293858.3,82035839.96,-2417882200.7,,,,,,5215024506.91,,,,18105047230.1,22061999850.17,,,,,-3956952620.07
20130101,20130331,6160758035.21,,,,,,,,,,,,216075840.44,,,6376833875.65,712762334.02,,,,,,519174131.85,3586865460.83,767803034.68,,,5586604961.38,,,790228914.27,,,,,408123249.5,,,,408123249.5,1124939088.24,,,,301797368.78,,,,1426736457.02,,,-1018613207.52,,,,,13684.26,,,13684.26,,98394544.21,,,,,98394544.21,,,-98380859.95,,,,-326765153.2,22061999850.17,,,21735234696.97,,,,,,,,,,,,,,,,,,,,,,,,,,,,,,,,21735234696.97,22061999850.17,,,,,-326765153.2
20120101,20121231,28912367684.82,,,,,,,,,,,,387671188.51,,,29300038873.33,2707393653.33,,,,,,2953919072.54,10170840319.22,1546575218.99,,,17378728264.08,,,11921310609.25,10000000,4129000,79000,,340299568,,,,354507568,4211900807.91,,,,342083058.36,,,,4553983866.27,,,-4199476298.27,392000000,,,,89497.15,,,392089497.15,,4306614120,,,,,4306614120,,,-3914524622.85,,,,3807309688.13,18254690162.04,,,22061999850.17,14008450702.17,,,2979258.5,414952194.94,,15994854.35,3854764.8,,,,155718.82,,,,-89497.15,-3103250,-141027962.79,,-2478610040.56,-64889789.58,162643655.75,,,,,,11921310609.25,,,,22061999850.17,18254690162.04,,,,,3807309688.13
20120101,20120930,19826920342.04,,,,,,,,,,,,267190340.17,,,20094110682.21,1587342838.29,,,,,,1819144570.29,7873499623.76,1252558324.97,,,12532545357.31,,,7561565324.9,10000000,4129000,,,187026157.07,,,,201155157.07,3041808991.95,,,,174710044.36,,,,3216519036.31,,,-3015363879.24,,,,,67030.38,,,67030.38,,4110925664.02,,,,,4110925664.02,,,-4110858633.64,,,,435342812.02,18254690162.04,,,18690032974.06,,,,,,,,,,,,,,,,,,,,,,,,,,,,,,,,18690032974.06,18254690162.04,,,,,435342812.02
20120101,20120630,12535721525.74,,,,,,,,,,,,191533473.07,,,12727254998.81,1077894925.32,,,,,,1426295388,5149513705.29,613841484.87,,,8267545503.48,,,4459709495.33,10000000,4129000,,,146581293.5,,,,160710293.5,1701317277.73,,,,136762440.04,,,,1838079717.77,,,-1677369424.27,,,,,43625.66,,,43625.66,,55214748,,,,,55214748,,,-55171122.34,,,,2727168948.72,18254690162.04,,,20981859110.76,7348939538.55,,,955859.42,200507000.4,,6655978.87,1919834.64,,,,84152.4,,,,-43625.66,-3103250,120997885.9,,-586716939.81,-195513684.45,-2434973254.93,,,,,,4459709495.33,,,,20981859110.76,18254690162.04,,,,,2727168948.72
20120101,20120331,5766087219.6,,,,,,,,,,,,168499391.15,,,5934586610.75,494802933.57,,,,,,958500142.8,2749350387.56,392432147.22,,,4595085611.15,,,1339500999.6,10000000,1119000,,,,,,,11119000,678815042.41,,,,22125199.09,,,,700940241.5,,,-689821241.5,,,,,21866.52,,,21866.52,,52964748,,,,,52964748,,,-52942881.48,,,,596736876.62,18254690162.04,,,18851427038.66,,,,,,,,,,,,,,,,,,,,,,,,,,,,,,,,18851427038.66,18254690162.04,,,,,596736876.62
20110101,20111231,23659131281.08,,,,,,,,,,,,181674213.04,,,23840805494.12,2353687717.48,,,,,,1925571991.79,8286279154.84,1126701940.48,,,13692240804.59,,,10148564689.53,,3010000,41600,,212533826.84,,,,215585426.84,2184528163.11,,,,151475313.64,,,,2336003476.75,,,-2120418049.91,,,,,102972.37,,,102972.37,,2661953339.24,,,,,2661953339.24,,,-2661850366.87,,,,5366296272.75,12888393889.29,,,18254690162.04,9250323807.62,,,-2500650.57,331356736.88,,11855582.22,4896216.72,,,,-888534.94,,,,-102972.37,-3383000,-224191011.56,,-1612991469.44,-148673263.2,2542863248.17,,,,,,10148564689.53,,,,18254690162.04,12888393889.29,,,,,5366296272.75
20110101,20110930,18023629691.34,,,,,,,,,,,,97912339.33,,,18121542030.67,1482300477.04,,,,,,1375305648.62,5539023164.5,697974762.21,,,9094604052.37,,,9026937978.3,,3010000,40000,,74601849.82,,,,77651849.82,1234305197.84,,,,40917766.84,,,,1275222964.68,,,-1197571114.86,,,,,76963.31,,,76963.31,,2429511457.97,,,,,2429511457.97,,,-2429434494.66,,,,5399932368.78,12888393889.29,,,18288326258.07,,,,,,,,,,,,,,,,,,,,,,,,,,,,,,,,18288326258.07,12888393889.29,,,,,5399932368.78
20110101,20110630,11546468176.97,,,,,,,,,,,,76591966.85,,,11623060143.82,1030579091.21,,,,,,994367300.42,3826918770.02,443297147.09,,,6295162308.74,,,5327897835.08,,3010000,40000,,67947203.27,,,,70997203.27,747055064.27,,,,28350508.44,,,,775405572.71,,,-704408369.44,,,,,50701.92,,,50701.92,,220246678.33,,,,,220246678.33,,,-220195976.41,,,,4403293489.23,12888393889.29,,,17291687378.52,5166306192.53,,,-1568169.42,158950782.42,,5646985.7,863163.66,,,,-886934.94,,,,-50701.92,-3196500,-5882723.61,,-341487204.91,-8014324.88,357217270.45,,,,,,5327897835.08,,,,17291687378.52,12888393889.29,,,,,4403293489.23
20110101,20110331,6544163647.09,,,,,,,,,,,,58272718.18,,,6602436365.27,656095092.99,,,,,,542976591.21,1776810163.43,215422597.79,,,3191304445.42,,,3411131919.85,,,40000,,11199977.29,,,,11239977.29,300691471.88,,,,11610276.94,,,,312301748.82,,,-301061771.53,,,,,25385.15,,,25385.15,,,,,,,0,,,25385.15,,,,3110095533.47,12888393889.29,,,15998489422.76,,,,,,,,,,,,,,,,,,,,,,,,,,,,,,,,15998489422.76,12888393889.29,,,,,3110095533.47
20100101,20101231,14938581885.61,,,,,,,,,,,181031.15,138196684.26,,,15076959601.02,1669804222.04,,,,,,1492813443.35,4885737303.37,827128112.69,,,8875483081.45,,,6201476519.57,17000000,1731400,,,56315726.51,,,,75047126.51,1731913788.52,50000000,,,56522892.71,,,,1838436681.23,,,-1763389554.72,,,,,105801.61,,,105801.61,,1292951032.41,,,,,1292951032.41,,,-1292845230.8,,,,3145241734.05,9743152155.24,,,12888393889.29,5339761496.97,,,-3066975.05,267815117.52,,14719853.45,3034894.25,,,,617857.77,,,,-105801.61,-469050,-53017136.83,,-1381879643.06,231534141.13,1782531765.03,,,,,,6201476519.57,,,,12888393889.29,9743152155.24,,,,,3145241734.05
20100101,20100930,10738917455.57,,,,,,,,,,,181031.15,64032956.75,,,10803131443.47,1065979806.61,,,,,,1091754586.28,4041204565.32,639785551.33,,,6838724509.54,,,3964406933.93,17000000,1731400,,,56662329.2,,,,75393729.2,1394221713.73,50000000,,,57620800.18,,,,1501842513.91,,,-1426448784.71,,,,,78665.2,,,78665.2,,1254519392.24,,,,,1254519392.24,,,-1254440727.04,,,,1283517422.18,9743152155.24,,,11026669577.42,,,,,,,,,,,,,,,,,,,,,,,,,,,,,,,,11026669577.42,9743152155.24,,,,,1283517422.18
20100101,20100630,6360486576.42,0,0,0,0,0,0,0,0,0,0,181031.15,51762648.52,,,6412430256.09,682354660.8,0,0,0,0,0,827492138.02,2774886858.79,361313487.93,,,4646047145.54,,,1766383110.55,17000000,1731400,0,0,54180223,0,,,72911623,1079662311.3,50000000,0,0,44522602.72,0,,,1174184914.02,,,-1101273291.02,0,0,0,0,57275.29,,,57275.29,0,139457662.62,0,0,,,139457662.62,,,-139400387.33,0,,,525709432.2,9743152155.24,,,10268861587.44,3274562600.07,0,0,2776574.21,122119373.3,0,5961975.24,2588560.8,0,0,0,561791.21,0,0,0,-57275.29,-282550,59048587.62,0,-303082490.22,215808858.64,-1613622895.03,0,0,0,,,1766383110.55,0,0,0,10268861587.44,9743152155.24,0,0,,,525709432.2
20100101,20100331,3073704697.75,0,0,0,0,0,0,0,0,0,0,0,48194874.82,,,3121899572.57,351943207.13,0,0,0,0,0,529295958.95,1233363458.39,182525044.37,,,2297127668.84,,,824771903.73,17000000,1728900,2500,0,0,0,,,18731400,469039504.08,0,0,0,0,0,,,469039504.08,,,-450308104.08,0,0,0,0,26891.3,,,26891.3,0,137207662.62,0,0,,,137207662.62,,,-137180771.32,0,,,237283028.33,9743152155.24,,,9980435183.57,0,0,0,0,0,,0,0,0,0,0,0,0,0,0,0,0,0,0,0,0,0,0,0,0,,,0,0,0,0,9980435183.57,9743152155.24,0,0,,,237283028.33
20090101,20091231,11756243820.83,,,,,,,,,,,,185888008.21,,,11942131829.04,1557075938.7,,,,,,1229305038.48,4160350102.49,771463605.18,,,7718194684.85,,,4223937144.19,25000000,2080397.26,,,,,,,27080397.26,1356601530.09,10000000,,,,,,,1366601530.09,,,-1339521132.83,,,,,158121.82,,,158121.82,,1235143869.1,,,,,1235143869.1,,,-1234985747.28,,,,1649430264.08,8093721891.16,,,9743152155.24,4552888944,,,-300085.01,187387081.41,,11552408.13,8627818.88,,,,227122.97,,,,-158121.82,-1209447.26,-48739824.6,,-1077678627.03,-671596539.44,1262936413.96,,,,,,4223937144.19,,,,9743152155.24,8093721891.16,,,,,1649430264.08
20090101,20090930,7459722509.06,,,,,,,,,,,,106560447.36,,,7566282956.42,922300963.46,,,,,,898644456.09,3088600128.55,579195315.1,,,5488740863.2,,,2077542093.22,25000000,2080397.26,,,,,,,27080397.26,1058500946.42,10000000,,,,,,,1068500946.42,,,-1041420549.16,,,,,130941.18,,,130941.18,,1234693813.6,,,,,1234693813.6,,,-1234562872.42,,,,-198441328.36,8093721891.16,,,7895280562.8,,,,,,,,,,,,,,,,,,,,,,,,,,,,,,,,7895280562.8,8093721891.16,,,,,-198441328.36
20090101,20090630,4198651823.6,,,,,,,,,,,,103692193.19,,,4302344016.79,567740503.57,,,,,,655373497.21,2152814873.57,378227302.01,,,3754156176.36,,,548187840.43,25000000,2080397.26,,,,,,,27080397.26,689017762.13,10000000,,,,,,,699017762.13,,,-671937364.87,,,,,87389.22,,,87389.22,,174251384.73,,,,,174251384.73,,,-174163995.51,,,,-297913519.95,8093721891.16,,,7795808371.21,2928842256.25,,,442604,89093818.81,,5728173.5,4684138.12,,,,8880.69,,,,-601548.09,-734797.26,82943236.9,,-141652769.32,-133667894.11,-2286898259.06,,,,,,548187840.43,,,,7795808371.21,8093721891.16,,,,,-297913519.95
20090101,20090331,1870765265.03,,,,,,,,,,,,93036877.43,,,1963802142.46,295729558.55,,,,,,461410921.19,1143406307.36,194020050.61,,,2094566837.71,,,-130764695.25,,,,,,,,,,288879016.69,10000000,,,,,,,298879016.69,,,-298879016.69,,,,,42952.08,,,42952.08,,1800000,,,,,1800000,,,-1757047.92,,,,-431400759.86,8093721891.16,,,7662321131.3,0,,,,0,,,,,,,,,,,,,,0,,0,0,,,,,,,,,,7662321131.3,8093721891.16,,,,,-431400759.86
20080101,20081231,11275230701.85,,,,,,,,,,,,242355759.12,,,11517586460.97,1214717814.83,,,,,,809386845.15,3666868792.1,579124473.15,,,6270097925.23,,,5247488535.74,21000000,2123100,50000,,,,,,23173100,1010735786.04,5000000,,,,,,,1015735786.04,,,-992562686.04,,,,,761176.07,,,761176.07,,884671434.63,,,,,884671434.63,,,-883910258.56,,,,3371015591.14,4722706300.02,,,8093721891.16,4000759343.11,,,450078.22,147042974.23,,6995493.68,10613073.47,,,,3241808.24,,,,-761176.07,-1322250,-123831417.11,0,-809748865.41,-94515474.36,2108564947.74,,,,,,5247488535.74,,,,8093721891.16,4722706300.02,,,,,3371015591.14
20080101,20080930,7405857676.63,,,,,,,,,,,,211905093.26,,,7617762769.89,794495241.8,,,,,,558262259.68,2758978699.12,437420881.12,,,4549157081.72,,,3068605688.17,21000000,2123100,50000,,,,,,23173100,643869405.12,,,,,,,,643869405.12,,,-620696305.12,,,,,684568.43,,,684568.43,,769284456.96,,,,,769284456.96,,,-768599888.53,,,,1679309494.52,4722706300.02,,,6402015794.54,0,,,,0,,,,,,,,,,,,,,0,,0,0,,,,,,,,,,6402015794.54,4722706300.02,,,,,1679309494.52
20080101,20080630,4568988857.14,,,,,,,,,,,,191274102.34,,,4760262959.48,529788503.56,,,,,,391783564.12,2044537000,298472484.82,,,3264581552.5,,,1495681406.98,21000000,2123100,,,,,,,23123100,409784280.75,,,,,,,,409784280.75,,,-386661180.75,,,,,630430.56,,,630430.56,,766485126.01,,,,,766485126.01,,,-765854695.45,,,,343165530.78,4722706300.02,,,5065871830.8,2351939273.63,,,-1411074.74,70037352.95,,3361247.64,6441361.31,,,,3118790.2,,,,-1310147.72,-720100,3752810.71,,-138655736.42,3332575.91,-804204946.49,,,,,,1495681406.98,,,,5065871830.8,4722706300.02,,,,,343165530.78
20080101,20080331,2560048958.8,,,,,,,,,,,,170134056.73,,,2730183015.53,282490555.58,,,,,,231677868.47,1027796155.85,195531279.68,,,1737495859.58,,,992687155.95,21000000,2123100,,,,,,,23123100,174666400.53,,,,,,,,174666400.53,,,-151543300.53,,,,,593163.85,,,593163.85,,,,,,,,,,593163.85,,,,841737019.27,4722706300.02,,,5564443319.29,,,,,,,,,,,,,,,,,,,,,,,,,,,,,,,,5564443319.29,4722706300.02,,,,,841737019.27
20070101,20071231,7437754281.34,0,0,0,0,0,0,0,0,0,0,0,95684682.11,,,7533438963.45,1098306968.33,0,0,0,0,0,623333896.62,3602532438.23,465962448.89,,,5790135752.07,,,1743303211.38,0,0,0,0,0,0,,,0,772456652.49,17000000,0,0,0,0,,,789456652.49,,,-789456652.49,0,0,0,0,1504621,,,1504621,0,706866028.2,0,0,,,706866028.2,,,-705361407.2,0,,,248485151.69,4474221148.33,,,4722706300.02,2830831594.36,135220914.59,0,-614738.65,103823977.32,,8419605.26,65846168.6,0,0,900998.31,3146711.19,0,0,0,-2019007.08,-1814950,117243937.53,0,-323901731.4,71616599.29,-1265396867.94,0,0,0,,,1743303211.38,0,0,0,4722706300.02,4474221148.33,0,0,,,248485151.69
20070101,20070930,5298220603.11,,,,,,,,,,,2952037.45,48906293.12,,,5350078933.68,776996775.72,,,,,,425064074.29,2318043878.67,281714970.12,,,3801819698.8,,,1548259234.88,,,,,,,,,,545583793.12,17000000,,,,,,,562583793.12,,,-562583793.12,,,,,280402.72,,,280402.72,,706791456.46,,,,,706791456.46,,,-706511053.74,,,,279164388.02,4474221148.33,,,4753385536.35,,,,,,,,,,,,,,,,,,,,,,,,,,,,,,,,4753385536.35,4474221148.33,,,,,279164388.02
20070101,20070630,3382733993.41,,,,,,,,,,,2952037.45,48316812.99,,,3434002843.85,566986527.26,,,,,,308683973.48,1657337134.6,215182150.96,,,2748189786.3,,,685813057.55,,,,,,,,,,332503082.61,17000000,,,,,,,349503082.61,,,-349503082.61,,,,,247996.59,,,247996.59,,900000,,14063.7,,,914063.7,,,-666067.11,,,,335643907.83,4474221148.33,,,4809865056.16,893948241.41,,,1317514.09,49772665.39,,3214603.12,4580442.62,,,-98880,149474.44,,,,1864264.06,-859950,14525569.27,,-139118319.89,-29402802.81,-114079764.15,,,,,,685813057.55,,,,4809865056.16,4474221148.33,,,,,335643907.83
20070101,20070331,1961548939.66,,,,,,,,,,,,36324558.93,,,1997873498.59,312227426.81,,,,,,184609700.68,980951193.45,139542111.57,,,1617330432.51,,,380543066.08,,,,,,,,,,182658817.77,17000000,,,,,,,199658817.77,,,-199658817.77,,,,,213750,,,213750,,-166334.65,,,,,-166334.65,,,380084.65,,,,181264332.96,1697004107.01,,,1878268439.97,,,,,,,,,,,,,,,,,,,,,,,,,,,,,,,,1878268439.97,1697004107.01,,,,,181264332.96
20060101,20061231,6161614576.12,,,,,,,,,,,,42844942.47,,,6204459518.59,807104098.32,,,,,,405050712.97,2390281005.6,489086803.27,,,4091522620.16,,,2112936898.43,,,5950,,,,,,5950,737464883.28,41000000,,,,,,,778464883.28,,,-778458933.28,,,,,4146323.1,,,4146323.1,,760139114.4,,,,,760139114.4,,,-755992791.3,,,,578485173.85,3895735974.48,,,4474221148.33,1616375200.07,,,1050087.95,84863162.14,,3228097.47,8887581.95,,,,140744.01,,,,-4938430.26,-1769450,-44290603.36,,-115210408.13,-54278723.79,618879640.38,,,,,,2112936898.43,,,,4474221148.33,3895735974.48,,,,,578485173.85
20060101,20060930,4461142603.77,,,,,,,,,,,272461.35,27832586.61,,,4489247651.73,516038135.81,,,,,,256167696.97,1848630550.03,377082194.07,,,2997918576.88,,,1491329074.85,,,,,,,,,,544324382.76,,,,,,,,544324382.76,,,-544324382.76,,,,,3920036.15,,,3920036.15,,757807440.15,,,,,757807440.15,,,-753887404,,,,193117288.09,3899690136.33,,,4092807424.42,,,,,,,,,,,,,,,,,,,,,,,,,,,,,,,,4092807424.42,3899690136.33,,,,,193117288.09
20060101,20060630,2742112327.48,,,,,,,,,,,56235.55,40528365.32,,,2782696928.35,386539030.86,,,,,,177709704.01,1367372390.96,255716112.92,,,2187337238.75,,,595359689.6,,,,,,,,,,311947422.33,,,,,,,,311947422.33,,,-311947422.33,,,,,463048.02,,,463048.02,,756269723.23,42665714.49,,,,756269723.23,,,-755806675.21,,,,-472394407.94,3897938716.22,,,3425544308.28,603117899.92,,,,40854031.59,,303570.91,4217782.96,,,1544.65,,,,,429831.93,,18049310.48,,41179865.32,12233724.09,-125027872.25,,,,,,595359689.6,,,,3425544308.28,3897938716.22,,,,,-472394407.94
20060101,20060331,1615997366.97,,,,,,,,,,,,3466834.86,,,1619464201.83,242178377.14,,,,,,127524666.3,858102495.56,166738587.29,,,1394544126.29,,,224920075.54,,,,,,,,,,104817335.87,,,,,,,,104817335.87,,,-104817335.87,,,,,1334218.36,,,1334218.36,,34997836.48,,,,,34997836.48,,,-33663618.12,,,,86439121.55,997408555.63,,,1083847677.18,,,,,,,,,,,,,,,,,,,,,,,,,,,,,,,,1083847677.18,997408555.63,,,,,86439121.55
20050101,20051231,4976668595.34,,,,,,,,,,,50557133.43,16087755.58,,,5043313484.35,950764775.72,,,,,,250797895.85,1600737072.95,547306251.51,,,3349605996.03,,,1693707488.32,0,0,0,,0,,,,0,540843725.72,0,,,0,,,,540843725.72,,,-540843725.72,0,,0,,32502077.9,,,32502077.9,191703825.82,0,0,0,,,191703825.82,,,-159201747.92,0,,,993662014.68,2898327418.85,,,3891989433.53,1118541629.37,50580496.34,0,-1324018.35,64659106.39,,1721214.26,12051388.76,0,-6145179.69,0,0,,,,-32264593.95,-427953.6,,0,-166808430.13,-86411335,739535163.92,,,0,,,1693707488.32,0,0,0,3891989433.53,2898327418.85,0,0,,,993662014.68
20050101,20050930,3318894379.77,,,,,,,,,,,528725.1,17871918.03,,,3337295022.9,392909166.24,,,,,,167395485.75,1245294702.98,647975575.64,,,2453574930.61,,,883720092.29,0,0,0,,0,,,,0,388631291.39,0,,,0,,,,388631291.39,,,-388631291.39,0,,0,,0,,,0,0,176408943,0,0,,,176408943,,,-176408943,0,,,318679857.9,2898327418.85,,,3217007276.75,702485675.25,32146744.57,0,0,14382986.7,,84999.84,2203602.24,-7270021.37,46238296.43,0,0,,,,-14225903.98,-23718.23,,0,9748865.66,-82831092.43,180779657.61,,,0,,,883720092.29,0,0,0,3217007276.75,2898327418.85,0,0,,,318679857.9
20050101,20050630,2076306245.1,,,,,,,,,,,528725.1,15031118.34,,,2091866088.54,375489465.93,,,,,,127127345.04,887310376.69,265334389.59,,,1655261577.25,,,436604511.29,0,0,0,,0,,,,0,242680051.99,0,,,0,,,,242680051.99,,,-242680051.99,0,,0,,0,,,0,0,27037107.96,0,0,,,27037107.96,,,-27037107.96,0,,,166887351.34,2898327418.85,,,3065214770.19,480786925.85,21918109.09,0,0,31667890.95,,84999.84,4623317.43,-3257900.75,33325369.2,0,0,,,,-8107880.45,-23718.23,,0,25559734.65,-30390522.33,-119581813.96,,,0,,,436604511.29,0,0,0,3065214770.19,2898327418.85,0,0,,,166887351.34
20050101,20050331,1260553705.14,,,,,,,,,,,455943.93,8576634.93,,,1269586284,142994882.35,,,,,,87945173.94,532790492.8,263574681.81,,,1027305230.9,,,242281053.1,0,0,0,,0,,,,0,101989194.91,0,,,0,,,,101989194.91,,,-101989194.91,0,,0,,0,,,0,0,13693935.66,0,0,,,13693935.66,,,-13693935.66,0,,,126597922.53,2898327418.85,,,3024925341.38,369139390.74,0,14802026.52,0,15524717.93,,42500.01,967986.57,-3505403.97,55553692.55,0,0,,,,-3746924.02,187658.6,,0,53328812.76,-37039192.3,-222974212.29,,,0,,,242281053.1,0,0,0,3024925341.38,2898327418.85,0,0,,,126597922.53
20040101,20041231,3646470061.61,,,,,,,,,,,123262072.51,47576179.27,,,3817308313.39,864365999.46,,,,,,159838716.74,1298348904.97,518970212.02,,,2841523833.19,,,975784480.2,0,0,0,,0,,,,0,355190020.75,0,,,0,,,,355190020.75,,,-355190020.75,0,,0,,0,,,0,0,62314427.45,0,0,,,62314427.45,,,-62314427.45,0,,,558280032,2340047386.85,,,2898327418.85,820553997.19,33618178.27,0,761947.03,55088524.05,,171205.04,11374067.69,651300.25,2225642.51,0,210396.99,,,,-25348043.32,-315063.71,,0,-478734574.06,-55960435.45,611487337.72,,,0,,,975784480.2,0,0,0,2898327418.85,2340047386.85,0,0,,,558280032
20040101,20040930,2471054635.85,,,,,,,,,,,0,24243813.72,,,2495298449.57,572967651.7,,,,,,121521637.47,1088327949.67,339806043.23,,,2122623282.07,,,372675167.5,0,0,0,,0,,,,0,228190946.83,0,,,0,,,,228190946.83,,,-228190946.83,0,,0,,0,,,0,0,65242641.06,0,0,,,65242641.06,,,-65242641.06,0,,,79241579.61,2340047386.85,,,2419288966.46,515569148.98,22506325.9,0,0,40655791.49,,127500.03,2772944.12,-1362568.65,99984845.62,0,627297.24,,,,-22307046.38,0,,0,-301491174.8,-93010654.28,108602758.23,,,0,,,372675167.5,0,0,0,2419288966.46,2340047386.85,0,0,,,79241579.61
20040101,20040630,1459948868.5,,,,,,,,,,,347141.04,13482072.14,,,1473778081.68,345839931.79,,,,,,100417771.72,803325280.52,262179631.78,,,1511762615.81,,,-37984534.13,0,0,0,,0,,,,0,138326737.52,0,,,0,,,,138326737.52,,,-138326737.52,0,,0,,0,,,0,0,-9054041.39,0,0,,,-9054041.39,,,9054041.39,0,,,-167257230.26,2340047386.85,,,2172790156.59,349084192.5,14977871.93,0,0,26579528.53,,85000.02,2416531.69,-2030370.94,48162524.47,0,0,,,,-9958861.97,0,,0,-103549319.19,-37056787.13,-326694844.04,,,0,,,-37984534.13,0,0,0,2172790156.59,2340047386.85,0,0,,,-167257230.26
20040101,20040331,825380774.66,,,,,,,,,,,0,7883619.9,,,833264394.56,258467411.8,,,,,,32225261.68,574275212.45,149679880.5,,,1014647766.43,,,-181383371.87,0,0,0,,0,,,,0,73503913.55,0,,,0,,,,73503913.55,,,-73503913.55,0,,0,,0,,,0,0,-5959082.68,0,0,,,-5959082.68,,,5959082.68,0,,,-248928202.74,2340258782.85,,,2091330580.11,261503821.72,9826969.49,0,0,12725361.8,,42500.01,1638077.44,-3138222.93,44631775.57,0,0,,,,-6747422.23,0,,0,-64313445.97,6273634.73,-443826421.5,,,0,,,-181383371.87,0,0,0,2091330580.11,2340258782.85,0,0,,,-248928202.74
20030101,20031231,3057788375.35,,,,,,,,,,,81417405.4,44909156.74,0,0,3184114937.49,638529865.4,,,,,,205782831.25,985931576.96,412164421.8,0,0,2242408695.41,0,0,941706242.08,0,0,0,0,0,,0,0,0,334880557.62,0,,0,0,,0,0,334880557.62,0,0,-334880557.62,0,0,0,,300000,0,0,300000,0,47385988.25,0,0,0,0,47385988.25,0,0,-47085988.25,0,0,0,559739696.21,1780307690.64,0,0,2340045386.85,586747838.28,22005657.78,0,2052540.39,58391200.81,,170000.04,5297418.04,-651300.25,1676058.29,0,0,,,,-16050225.99,0,,0,-138394032.53,-65987645.46,486448732.68,,,0,2000,0,941706242.08,0,0,0,2340045386.85,1780307690.64,0,0,,,559739696.21
20030101,20030930,2080861242.06,,,,,,,,,,,601388,30213826.34,,,2111676456.4,412688201.74,,,,,,116178529.7,878669971.22,264761095.2,,,1672297797.86,,,439378658.54,0,0,0,,0,,,,0,299863886.41,0,,,0,,,,299863886.41,,,-299863886.41,0,,0,,0,,,0,0,51029499.06,0,0,,,51029499.06,,,-51029499.06,0,,,88485273.07,1780307690.64,,,1868792963.71,354499724.25,0,0,0,47752591.53,,127500.03,2483546,-5089210.82,71798377.23,0,8291.71,,,,-12123039.8,0,,0,-125743547.61,-55287599.17,145640158.97,,,15311966.22,,,439378758.54,0,0,0,1868792963.71,1780307690.64,0,0,,,88485273.07
20030101,20030630,1153018889.14,,,,,,,,,,,0,8787961.44,,,1161806850.58,312930923.05,,,,,,76906046.65,652486510.1,153449308.06,,,1195772787.86,,,-33965937.28,0,0,0,,0,,,,0,201234233.88,0,,,0,,,,201234233.88,,,-201234233.88,0,,0,,0,,,0,0,8858203.84,0,0,,,8858203.84,,,-8858203.84,0,,,-244058375,1780307690.64,,,1536249315.64,252520818.55,0,0,0,35569491.77,,85000.02,1638442.04,10178421.86,24492403.01,0,8291.71,,,,-4371087.49,0,,0,-112299075.68,80674002.53,-332427872.83,,,9965227.23,,,-33965937.28,0,0,0,1536249315.64,1780307690.64,0,0,,,-244058375
20030101,20030331,627432958.79,,,,,,,,,,,0,1706571.35,,,629139530.14,88592882.36,,,,,,43095006.03,395885115.44,92454339.64,,,620027343.47,,,9112186.67,0,0,0,,0,,,,0,106650497.18,0,,,0,,,,106650497.18,,,-106650497.18,0,,0,,0,,,0,0,-2188358.43,0,0,,,-2188358.43,,,2188358.43,0,,,-95349952.08,1780307690.64,,,1684957738.56,217609019.5,0,0,0,23864812.8,,42500.01,642970.9,-13206672.5,20398978.8,0,7741.71,,,,-2188358.43,0,,0,46630996.52,16140256.75,-308344721.63,,,7514662.24,,,9112186.67,0,0,0,1684957738.56,1780307690.64,0,0,,,-95349952.08
20020101,20021231,2288635492.04,,,,,,,,,,,7215268.89,32433164.17,,,2328283925.1,623577741.02,,,,,,106684520.62,753570901.89,409868382.91,,,1893701546.44,,,434582378.66,0,0,0,,0,,,,0,467451921.25,4000000,,,0,,,,471451921.25,,,-471451921.25,0,,0,,0,,,0,0,139259336.87,0,0,,,139259336.87,,,-139259336.87,0,,,-176128879.46,1956436570.1,,,1780307690.64,376798521.36,0,0,5977107.72,20409817.8,,170000.04,-5629054.37,23337681.8,3422740.32,0,0,,,,-17318934.37,0,,0,-290243761.71,-81069660.29,382940470.95,,,15787449.41,,,434582378.66,0,0,0,1780307690.64,1956436570.1,0,0,,,-176128879.46
20020101,20020630,1020056872.8,,,,,,,,,,,0,11238690.5,,,1031295563.3,382532138.76,,,,,,64881700.94,582829118.52,181173450.13,,,1211416408.35,,,-180120845.05,0,0,0,,0,,,,0,260755471.34,4000000,,,0,,,,264755471.34,,,-264755471.34,0,,0,,0,,,0,0,-2240036.12,0,0,,,-2240036.12,,,2240036.12,0,,,-442636280.27,1956436570.1,,,1513800289.83,238275978.99,0,0,0,9446489.43,,85000.02,1086189.98,17089893.88,29752060.64,0,0,,,,-11881729.68,0,,-1649389.62,-223373984.8,-136438439.79,-110592312.08,,,8079397.98,,,-180120845.05,0,0,0,1513800289.83,1956436570.1,0,0,,,-442636280.27
20010101,20011231,1800399443.09,,,,,,,,,,,1846053.69,44381149.12,,,1846626645.9,594708128.39,,,,,,93314750.84,702151217.79,414169511.53,,,1804343608.55,,,42283037.35,0,0,0,,0,,,,0,331691548.18,0,,,0,,,,331691548.18,,,-331691548.18,2016922206.52,,0,,0,,,2016922206.52,129000000,103060709.05,0,0,,,232060709.05,,,1784861497.47,0,,,1495452986.64,460983583.46,,,1956436570.1,328290723.14,0,0,6692428.52,11587498.19,,676000.04,2083990,-3929579.65,0,0,602996.92,,,,-5661113.76,0,,0,-274782350.81,-57514907.57,20581850.37,,,13655501.96,,,42283037.35,0,0,0,1956436570.1,460983583.46,0,0,,,1495452986.64
20010101,20010630,0,,,,,,,,,,,0,0,,,0,0,,,,,,0,0,86280877.69,,,86280877.69,,,-86280877.69,0,0,0,,0,,,,0,0,0,,,1203369.21,,,,1203369.21,,,-1203369.21,0,,0,,0,,,0,0,0,0,37060123.06,,,37060123.06,,,-37060123.06,0,,,-124544369.96,0,,,0,0,0,0,0,0,,0,0,0,0,0,0,,,,0,0,,0,0,0,0,,,0,,,-86280877.69,0,0,0,0,0,0,0,,,0
20000101,20001231,1322877029.52,,,,,,,,,,,4926551.74,2896894.07,0,0,1330700475.33,299675876.2,,,,,,55344800.61,371680848.35,160874304.49,0,0,887575829.65,0,0,443124645.68,0,0,0,0,0,,0,0,0,33823984.46,0,,0,0,,0,0,33823984.46,0,0,-33823984.46,500000,0,129000000,,0,0,0,129500000,174460000,101747692.88,0,0,0,0,276207692.88,0,0,-146707692.88,0,0,0,262592968.34,198390615.12,65258517,0,460983583.46,251103580,0,0,-557245,10108725,,3477429,0,0,0,0,216575,,,,8118091,0,,0,-88931716,286093006,-90345288,,,0,0,0,443124645,0,0,0,460983583.46,198390615.12,0,0,,,262592968.34
